"taxon"	"run"	"ee_run"	"require_overlap"	"dist_type"	"dist_threshold"	"clusters"	"removed_clusters"	"unique_bins"	"removed_uniques"	"duplicate_bins"	"duplicate_bin_records"	"remaining_dups"	"remaining_dup_records"	"false_pos"	"false_neg"	"finbol_clusters"	"removed_finbol_clusters"	"spp_in_known"	"found_spp_in_known"	"clusters_in_known"	"spurious"	"remaining_spurious"	"false_pos_finbol"	"false_neg_spurious"	"false_pos_comb"	"false_neg_comb"
"Diptera"	1	13	"False"	"wdadn"	4	17459	4110	7824	228	708	1120	196	240	0.0291411042944785	0.27683615819209	1928	17	363	162	314	104	47	0.0088174273858921	0.451923076923077	0.0251230516817063	0.299261083743842
"Diptera"	2	14	"False"	"wdadn"	4	17459	4173	7824	236	708	1120	196	240	0.0301635991820041	0.27683615819209	1928	17	363	162	314	104	47	0.0088174273858921	0.451923076923077	0.0259433962264151	0.299261083743842
"Diptera"	3	15	"False"	"wdadn"	4	17459	4076	7824	222	708	1120	211	256	0.0283742331288344	0.298022598870056	1928	16	363	162	314	104	46	0.0082987551867219	0.442307692307692	0.0244052502050861	0.316502463054187
"Diptera"	4	16	"False"	"wdadn"	4	17459	4152	7824	229	708	1120	208	254	0.0292689161554192	0.293785310734463	1928	17	363	162	314	104	46	0.0088174273858921	0.442307692307692	0.0252255947497949	0.312807881773399
"Diptera"	5	17	"False"	"wdadn"	4	17459	4086	7824	222	708	1120	209	254	0.0283742331288344	0.295197740112994	1928	16	363	162	314	104	46	0.0082987551867219	0.442307692307692	0.0244052502050861	0.314039408866995
"Diptera"	6	18	"False"	"wdadn"	4	17459	4162	7824	229	708	1120	206	252	0.0292689161554192	0.290960451977401	1928	17	363	162	314	104	46	0.0088174273858921	0.442307692307692	0.0252255947497949	0.310344827586207
"Diptera"	7	19	"False"	"wdadn"	4	17459	4289	7824	248	708	1120	182	224	0.0316973415132924	0.257062146892655	1928	20	363	162	314	104	46	0.0103734439834025	0.442307692307692	0.0274815422477441	0.280788177339901
"Diptera"	8	20	"False"	"wdadn"	4	17459	4365	7824	254	708	1120	183	224	0.0324642126789366	0.258474576271186	1928	20	363	162	314	104	46	0.0103734439834025	0.442307692307692	0.0280968006562756	0.282019704433497
"Diptera"	9	21	"False"	"wdadn"	4	17459	4140	7824	235	708	1120	196	240	0.0300357873210634	0.27683615819209	1928	18	363	162	314	104	47	0.0093360995850622	0.451923076923077	0.0259433962264151	0.299261083743842
"Diptera"	10	22	"False"	"wdadn"	4	17459	4203	7824	243	708	1120	195	239	0.031058282208589	0.275423728813559	1928	18	363	162	314	104	47	0.0093360995850622	0.451923076923077	0.0267637407711239	0.298029556650246
"Diptera"	11	23	"False"	"wdadn"	4	17459	4262	7824	247	708	1120	186	229	0.0315695296523517	0.26271186440678	1928	19	363	162	314	104	46	0.0098547717842323	0.442307692307692	0.0272764561115669	0.285714285714286
"Diptera"	12	24	"False"	"wdadn"	4	17459	4337	7824	253	708	1120	187	229	0.0323364008179959	0.264124293785311	1928	19	363	162	314	104	46	0.0098547717842323	0.442307692307692	0.0278917145200984	0.286945812807882
"Hymenoptera"	1	13	"False"	"wdadn"	4	14315	2987	5452	152	338	445	153	174	0.0278796771826853	0.452662721893491	778	4	28	12	14	2	1	0.0051413881748072	0.5	0.0250401284109149	0.452941176470588
"Hymenoptera"	2	14	"False"	"wdadn"	4	14315	3056	5452	174	338	445	146	168	0.0319148936170213	0.431952662721893	778	6	28	12	14	2	1	0.0077120822622108	0.5	0.028892455858748	0.432352941176471
"Hymenoptera"	3	15	"False"	"wdadn"	4	14315	2912	5452	146	338	445	161	185	0.0267791636096845	0.476331360946746	778	4	28	12	14	2	1	0.0051413881748072	0.5	0.0240770465489567	0.476470588235294
"Hymenoptera"	4	16	"False"	"wdadn"	4	14315	2995	5452	166	338	445	154	178	0.0304475421863536	0.455621301775148	778	6	28	12	14	2	1	0.0077120822622108	0.5	0.0276083467094703	0.455882352941176
"Hymenoptera"	5	17	"False"	"wdadn"	4	14315	2914	5452	146	338	445	161	185	0.0267791636096845	0.476331360946746	778	4	28	12	14	2	1	0.0051413881748072	0.5	0.0240770465489567	0.476470588235294
"Hymenoptera"	6	18	"False"	"wdadn"	4	14315	2997	5452	166	338	445	154	178	0.0304475421863536	0.455621301775148	778	6	28	12	14	2	1	0.0077120822622108	0.5	0.0276083467094703	0.455882352941176
"Hymenoptera"	7	19	"False"	"wdadn"	4	14315	3080	5452	155	338	445	150	168	0.0284299339691856	0.443786982248521	778	4	28	12	14	2	1	0.0051413881748072	0.5	0.0255216693418941	0.444117647058824
"Hymenoptera"	8	20	"False"	"wdadn"	4	14315	3140	5452	176	338	445	143	161	0.0322817314746882	0.423076923076923	778	6	28	12	14	2	1	0.0077120822622108	0.5	0.0292134831460674	0.423529411764706
"Hymenoptera"	9	21	"False"	"wdadn"	4	14315	3024	5452	155	338	445	151	172	0.0284299339691856	0.446745562130178	778	4	28	12	14	2	1	0.0051413881748072	0.5	0.0255216693418941	0.447058823529412
"Hymenoptera"	10	22	"False"	"wdadn"	4	14315	3084	5452	176	338	445	145	167	0.0322817314746882	0.428994082840237	778	6	28	12	14	2	1	0.0077120822622108	0.5	0.0292134831460674	0.429411764705882
"Hymenoptera"	11	23	"False"	"wdadn"	4	14315	3066	5452	155	338	445	150	168	0.0284299339691856	0.443786982248521	778	4	28	12	14	2	1	0.0051413881748072	0.5	0.0255216693418941	0.444117647058824
"Hymenoptera"	12	24	"False"	"wdadn"	4	14315	3126	5452	176	338	445	143	161	0.0322817314746882	0.423076923076923	778	6	28	12	14	2	1	0.0077120822622108	0.5	0.0292134831460674	0.423529411764706
"Coleoptera"	1	13	"False"	"wdadn"	4	2663	634	1675	31	184	401	34	154	0.0185074626865672	0.184782608695652	738	2	620	253	404	70	41	0.002710027100271	0.585714285714286	0.0136759220886863	0.295275590551181
"Coleoptera"	2	14	"False"	"wdadn"	4	2663	628	1675	31	184	401	35	157	0.0185074626865672	0.190217391304348	738	2	620	253	404	70	40	0.002710027100271	0.571428571428571	0.0136759220886863	0.295275590551181
"Coleoptera"	3	15	"False"	"wdadn"	4	2663	615	1675	32	184	401	43	166	0.0191044776119403	0.233695652173913	738	3	620	253	404	70	42	0.0040650406504065	0.6	0.014504765851637	0.334645669291339
"Coleoptera"	4	16	"False"	"wdadn"	4	2663	613	1675	32	184	401	41	167	0.0191044776119403	0.222826086956522	738	3	620	253	404	70	40	0.0040650406504065	0.571428571428571	0.014504765851637	0.318897637795276
"Coleoptera"	5	17	"False"	"wdadn"	4	2663	616	1675	33	184	401	43	166	0.0197014925373134	0.233695652173913	738	3	620	253	404	70	42	0.0040650406504065	0.6	0.0149191877331123	0.334645669291339
"Coleoptera"	6	18	"False"	"wdadn"	4	2663	614	1675	33	184	401	41	167	0.0197014925373134	0.222826086956522	738	3	620	253	404	70	40	0.0040650406504065	0.571428571428571	0.0149191877331123	0.318897637795276
"Coleoptera"	7	19	"False"	"wdadn"	4	2663	653	1675	35	184	401	28	148	0.0208955223880597	0.152173913043478	738	3	620	253	404	70	40	0.0040650406504065	0.571428571428571	0.015748031496063	0.267716535433071
"Coleoptera"	8	20	"False"	"wdadn"	4	2663	652	1675	35	184	401	27	149	0.0208955223880597	0.146739130434783	738	3	620	253	404	70	38	0.0040650406504065	0.542857142857143	0.015748031496063	0.255905511811024
"Coleoptera"	9	21	"False"	"wdadn"	4	2663	635	1675	31	184	401	33	153	0.0185074626865672	0.179347826086957	738	2	620	253	404	70	41	0.002710027100271	0.585714285714286	0.0136759220886863	0.291338582677165
"Coleoptera"	10	22	"False"	"wdadn"	4	2663	630	1675	31	184	401	34	156	0.0185074626865672	0.184782608695652	738	2	620	253	404	70	40	0.002710027100271	0.571428571428571	0.0136759220886863	0.291338582677165
"Coleoptera"	11	23	"False"	"wdadn"	4	2663	646	1675	34	184	401	32	152	0.0202985074626866	0.173913043478261	738	3	620	253	404	70	40	0.0040650406504065	0.571428571428571	0.0153336096145876	0.283464566929134
"Coleoptera"	12	24	"False"	"wdadn"	4	2663	645	1675	34	184	401	31	153	0.0202985074626866	0.168478260869565	738	3	620	253	404	70	38	0.0040650406504065	0.542857142857143	0.0153336096145876	0.271653543307087
"Psocodea"	1	13	"False"	"wdadn"	4	117	24	65	1	10	14	7	7	0.0153846153846154	0.7	42	0	35	21	69	7	6	0	0.857142857142857	0.0093457943925233	0.764705882352941
"Psocodea"	2	14	"False"	"wdadn"	4	117	24	65	1	10	14	7	7	0.0153846153846154	0.7	42	0	35	21	69	7	6	0	0.857142857142857	0.0093457943925233	0.764705882352941
"Psocodea"	3	15	"False"	"wdadn"	4	117	23	65	1	10	14	7	7	0.0153846153846154	0.7	42	0	35	21	69	7	6	0	0.857142857142857	0.0093457943925233	0.764705882352941
"Psocodea"	4	16	"False"	"wdadn"	4	117	23	65	1	10	14	7	7	0.0153846153846154	0.7	42	0	35	21	69	7	6	0	0.857142857142857	0.0093457943925233	0.764705882352941
"Psocodea"	5	17	"False"	"wdadn"	4	117	23	65	1	10	14	7	7	0.0153846153846154	0.7	42	0	35	21	69	7	6	0	0.857142857142857	0.0093457943925233	0.764705882352941
"Psocodea"	6	18	"False"	"wdadn"	4	117	23	65	1	10	14	7	7	0.0153846153846154	0.7	42	0	35	21	69	7	6	0	0.857142857142857	0.0093457943925233	0.764705882352941
"Psocodea"	7	19	"False"	"wdadn"	4	117	26	65	2	10	14	7	7	0.0307692307692308	0.7	42	0	35	21	69	7	6	0	0.857142857142857	0.0186915887850467	0.764705882352941
"Psocodea"	8	20	"False"	"wdadn"	4	117	26	65	2	10	14	7	7	0.0307692307692308	0.7	42	0	35	21	69	7	6	0	0.857142857142857	0.0186915887850467	0.764705882352941
"Psocodea"	9	21	"False"	"wdadn"	4	117	24	65	1	10	14	7	7	0.0153846153846154	0.7	42	0	35	21	69	7	6	0	0.857142857142857	0.0093457943925233	0.764705882352941
"Psocodea"	10	22	"False"	"wdadn"	4	117	24	65	1	10	14	7	7	0.0153846153846154	0.7	42	0	35	21	69	7	6	0	0.857142857142857	0.0093457943925233	0.764705882352941
"Psocodea"	11	23	"False"	"wdadn"	4	117	26	65	2	10	14	7	7	0.0307692307692308	0.7	42	0	35	21	69	7	6	0	0.857142857142857	0.0186915887850467	0.764705882352941
"Psocodea"	12	24	"False"	"wdadn"	4	117	26	65	2	10	14	7	7	0.0307692307692308	0.7	42	0	35	21	69	7	6	0	0.857142857142857	0.0186915887850467	0.764705882352941
"Lepidoptera"	1	13	"False"	"wdadn"	4	1755	166	1534	16	36	61	10	16	0.0104302477183833	0.277777777777778	1203	6	670	333	414	69	62	0.0049875311720698	0.898550724637681	0.0080379978078187	0.685714285714286
"Lepidoptera"	2	14	"False"	"wdadn"	4	1755	170	1534	20	36	61	9	15	0.0130378096479791	0.25	1203	8	670	333	414	69	63	0.0066500415627597	0.91304347826087	0.010230179028133	0.685714285714286
"Lepidoptera"	3	15	"False"	"wdadn"	4	1755	170	1534	16	36	61	7	13	0.0104302477183833	0.194444444444444	1203	5	670	333	414	69	62	0.0041562759767248	0.898550724637681	0.0076726342710997	0.657142857142857
"Lepidoptera"	4	16	"False"	"wdadn"	4	1755	174	1534	19	36	61	7	13	0.0123859191655802	0.194444444444444	1203	7	670	333	414	69	62	0.0058187863674148	0.898550724637681	0.0094994519546949	0.657142857142857
"Lepidoptera"	5	17	"False"	"wdadn"	4	1755	170	1534	16	36	61	7	13	0.0104302477183833	0.194444444444444	1203	5	670	333	414	69	62	0.0041562759767248	0.898550724637681	0.0076726342710997	0.657142857142857
"Lepidoptera"	6	18	"False"	"wdadn"	4	1755	174	1534	19	36	61	7	13	0.0123859191655802	0.194444444444444	1203	7	670	333	414	69	62	0.0058187863674148	0.898550724637681	0.0094994519546949	0.657142857142857
"Lepidoptera"	7	19	"False"	"wdadn"	4	1755	173	1534	17	36	61	7	13	0.0110821382007823	0.194444444444444	1203	5	670	333	414	69	62	0.0041562759767248	0.898550724637681	0.0080379978078187	0.657142857142857
"Lepidoptera"	8	20	"False"	"wdadn"	4	1755	175	1534	19	36	61	7	13	0.0123859191655802	0.194444444444444	1203	7	670	333	414	69	62	0.0058187863674148	0.898550724637681	0.0094994519546949	0.657142857142857
"Lepidoptera"	9	21	"False"	"wdadn"	4	1755	166	1534	16	36	61	10	16	0.0104302477183833	0.277777777777778	1203	6	670	333	414	69	62	0.0049875311720698	0.898550724637681	0.0080379978078187	0.685714285714286
"Lepidoptera"	10	22	"False"	"wdadn"	4	1755	170	1534	20	36	61	9	15	0.0130378096479791	0.25	1203	8	670	333	414	69	63	0.0066500415627597	0.91304347826087	0.010230179028133	0.685714285714286
"Lepidoptera"	11	23	"False"	"wdadn"	4	1755	173	1534	17	36	61	7	13	0.0110821382007823	0.194444444444444	1203	5	670	333	414	69	62	0.0041562759767248	0.898550724637681	0.0080379978078187	0.657142857142857
"Lepidoptera"	12	24	"False"	"wdadn"	4	1755	175	1534	19	36	61	7	13	0.0123859191655802	0.194444444444444	1203	7	670	333	414	69	62	0.0058187863674148	0.898550724637681	0.0094994519546949	0.657142857142857
"Strepsiptera"	1	13	"False"	"wdadn"	4	9	0	7	0	0	0	0	0	0	NA	0	0	2	3	3	0	0	NA	NA	0	NA
"Strepsiptera"	2	14	"False"	"wdadn"	4	9	0	7	0	0	0	0	0	0	NA	0	0	2	3	3	0	0	NA	NA	0	NA
"Strepsiptera"	3	15	"False"	"wdadn"	4	9	0	7	0	0	0	0	0	0	NA	0	0	2	3	3	0	0	NA	NA	0	NA
"Strepsiptera"	4	16	"False"	"wdadn"	4	9	0	7	0	0	0	0	0	0	NA	0	0	2	3	3	0	0	NA	NA	0	NA
"Strepsiptera"	5	17	"False"	"wdadn"	4	9	0	7	0	0	0	0	0	0	NA	0	0	2	3	3	0	0	NA	NA	0	NA
"Strepsiptera"	6	18	"False"	"wdadn"	4	9	0	7	0	0	0	0	0	0	NA	0	0	2	3	3	0	0	NA	NA	0	NA
"Strepsiptera"	7	19	"False"	"wdadn"	4	9	0	7	0	0	0	0	0	0	NA	0	0	2	3	3	0	0	NA	NA	0	NA
"Strepsiptera"	8	20	"False"	"wdadn"	4	9	0	7	0	0	0	0	0	0	NA	0	0	2	3	3	0	0	NA	NA	0	NA
"Strepsiptera"	9	21	"False"	"wdadn"	4	9	0	7	0	0	0	0	0	0	NA	0	0	2	3	3	0	0	NA	NA	0	NA
"Strepsiptera"	10	22	"False"	"wdadn"	4	9	0	7	0	0	0	0	0	0	NA	0	0	2	3	3	0	0	NA	NA	0	NA
"Strepsiptera"	11	23	"False"	"wdadn"	4	9	0	7	0	0	0	0	0	0	NA	0	0	2	3	3	0	0	NA	NA	0	NA
"Strepsiptera"	12	24	"False"	"wdadn"	4	9	0	7	0	0	0	0	0	0	NA	0	0	2	3	3	0	0	NA	NA	0	NA
"Mecoptera"	1	13	"False"	"wdadn"	4	8	2	5	0	0	0	0	0	0	NA	4	0	2	1	4	0	0	0	NA	0	NA
"Mecoptera"	2	14	"False"	"wdadn"	4	8	2	5	0	0	0	0	0	0	NA	4	0	2	1	4	0	0	0	NA	0	NA
"Mecoptera"	3	15	"False"	"wdadn"	4	8	3	5	1	0	0	0	0	0.2	NA	4	0	2	1	4	0	0	0	NA	0.111111111111111	NA
"Mecoptera"	4	16	"False"	"wdadn"	4	8	3	5	1	0	0	0	0	0.2	NA	4	0	2	1	4	0	0	0	NA	0.111111111111111	NA
"Mecoptera"	5	17	"False"	"wdadn"	4	8	3	5	1	0	0	0	0	0.2	NA	4	0	2	1	4	0	0	0	NA	0.111111111111111	NA
"Mecoptera"	6	18	"False"	"wdadn"	4	8	3	5	1	0	0	0	0	0.2	NA	4	0	2	1	4	0	0	0	NA	0.111111111111111	NA
"Mecoptera"	7	19	"False"	"wdadn"	4	8	3	5	1	0	0	0	0	0.2	NA	4	0	2	1	4	0	0	0	NA	0.111111111111111	NA
"Mecoptera"	8	20	"False"	"wdadn"	4	8	3	5	1	0	0	0	0	0.2	NA	4	0	2	1	4	0	0	0	NA	0.111111111111111	NA
"Mecoptera"	9	21	"False"	"wdadn"	4	8	2	5	0	0	0	0	0	0	NA	4	0	2	1	4	0	0	0	NA	0	NA
"Mecoptera"	10	22	"False"	"wdadn"	4	8	2	5	0	0	0	0	0	0	NA	4	0	2	1	4	0	0	0	NA	0	NA
"Mecoptera"	11	23	"False"	"wdadn"	4	8	3	5	1	0	0	0	0	0.2	NA	4	0	2	1	4	0	0	0	NA	0.111111111111111	NA
"Mecoptera"	12	24	"False"	"wdadn"	4	8	3	5	1	0	0	0	0	0.2	NA	4	0	2	1	4	0	0	0	NA	0.111111111111111	NA
"Trichoptera"	1	13	"False"	"wdadn"	4	389	23	156	4	5	6	0	0	0.0256410256410256	0	96	0	113	59	71	10	10	0	1	0.0158730158730159	0.666666666666667
"Trichoptera"	2	14	"False"	"wdadn"	4	389	23	156	4	5	6	0	0	0.0256410256410256	0	96	0	113	59	71	10	10	0	1	0.0158730158730159	0.666666666666667
"Trichoptera"	3	15	"False"	"wdadn"	4	389	23	156	4	5	6	0	0	0.0256410256410256	0	96	0	113	59	71	10	10	0	1	0.0158730158730159	0.666666666666667
"Trichoptera"	4	16	"False"	"wdadn"	4	389	23	156	4	5	6	0	0	0.0256410256410256	0	96	0	113	59	71	10	10	0	1	0.0158730158730159	0.666666666666667
"Trichoptera"	5	17	"False"	"wdadn"	4	389	23	156	4	5	6	0	0	0.0256410256410256	0	96	0	113	59	71	10	10	0	1	0.0158730158730159	0.666666666666667
"Trichoptera"	6	18	"False"	"wdadn"	4	389	23	156	4	5	6	0	0	0.0256410256410256	0	96	0	113	59	71	10	10	0	1	0.0158730158730159	0.666666666666667
"Trichoptera"	7	19	"False"	"wdadn"	4	389	23	156	4	5	6	0	0	0.0256410256410256	0	96	0	113	59	71	10	10	0	1	0.0158730158730159	0.666666666666667
"Trichoptera"	8	20	"False"	"wdadn"	4	389	23	156	4	5	6	0	0	0.0256410256410256	0	96	0	113	59	71	10	10	0	1	0.0158730158730159	0.666666666666667
"Trichoptera"	9	21	"False"	"wdadn"	4	389	23	156	4	5	6	0	0	0.0256410256410256	0	96	0	113	59	71	10	10	0	1	0.0158730158730159	0.666666666666667
"Trichoptera"	10	22	"False"	"wdadn"	4	389	23	156	4	5	6	0	0	0.0256410256410256	0	96	0	113	59	71	10	10	0	1	0.0158730158730159	0.666666666666667
"Trichoptera"	11	23	"False"	"wdadn"	4	389	23	156	4	5	6	0	0	0.0256410256410256	0	96	0	113	59	71	10	10	0	1	0.0158730158730159	0.666666666666667
"Trichoptera"	12	24	"False"	"wdadn"	4	389	23	156	4	5	6	0	0	0.0256410256410256	0	96	0	113	59	71	10	10	0	1	0.0158730158730159	0.666666666666667
"Thysanoptera"	1	13	"False"	"wdadn"	4	165	3	56	1	1	1	1	1	0.0178571428571429	1	0	0	0	0	0	0	0	NA	NA	0.0178571428571429	1
"Thysanoptera"	2	14	"False"	"wdadn"	4	165	3	56	1	1	1	1	1	0.0178571428571429	1	0	0	0	0	0	0	0	NA	NA	0.0178571428571429	1
"Thysanoptera"	3	15	"False"	"wdadn"	4	165	3	56	1	1	1	1	1	0.0178571428571429	1	0	0	0	0	0	0	0	NA	NA	0.0178571428571429	1
"Thysanoptera"	4	16	"False"	"wdadn"	4	165	3	56	1	1	1	1	1	0.0178571428571429	1	0	0	0	0	0	0	0	NA	NA	0.0178571428571429	1
"Thysanoptera"	5	17	"False"	"wdadn"	4	165	3	56	1	1	1	1	1	0.0178571428571429	1	0	0	0	0	0	0	0	NA	NA	0.0178571428571429	1
"Thysanoptera"	6	18	"False"	"wdadn"	4	165	3	56	1	1	1	1	1	0.0178571428571429	1	0	0	0	0	0	0	0	NA	NA	0.0178571428571429	1
"Thysanoptera"	7	19	"False"	"wdadn"	4	165	3	56	1	1	1	1	1	0.0178571428571429	1	0	0	0	0	0	0	0	NA	NA	0.0178571428571429	1
"Thysanoptera"	8	20	"False"	"wdadn"	4	165	3	56	1	1	1	1	1	0.0178571428571429	1	0	0	0	0	0	0	0	NA	NA	0.0178571428571429	1
"Thysanoptera"	9	21	"False"	"wdadn"	4	165	3	56	1	1	1	1	1	0.0178571428571429	1	0	0	0	0	0	0	0	NA	NA	0.0178571428571429	1
"Thysanoptera"	10	22	"False"	"wdadn"	4	165	3	56	1	1	1	1	1	0.0178571428571429	1	0	0	0	0	0	0	0	NA	NA	0.0178571428571429	1
"Thysanoptera"	11	23	"False"	"wdadn"	4	165	3	56	1	1	1	1	1	0.0178571428571429	1	0	0	0	0	0	0	0	NA	NA	0.0178571428571429	1
"Thysanoptera"	12	24	"False"	"wdadn"	4	165	3	56	1	1	1	1	1	0.0178571428571429	1	0	0	0	0	0	0	0	NA	NA	0.0178571428571429	1
"Symphypleona"	1	13	"False"	"wdadn"	4	212	86	66	5	19	38	9	15	0.0757575757575758	0.473684210526316	0	0	6	2	11	7	4	NA	0.571428571428571	0.0757575757575758	0.5
"Symphypleona"	2	14	"False"	"wdadn"	4	212	86	66	5	19	38	8	14	0.0757575757575758	0.421052631578947	0	0	6	2	11	7	4	NA	0.571428571428571	0.0757575757575758	0.461538461538462
"Symphypleona"	3	15	"False"	"wdadn"	4	212	84	66	5	19	38	6	13	0.0757575757575758	0.315789473684211	0	0	6	2	11	7	5	NA	0.714285714285714	0.0757575757575758	0.423076923076923
"Symphypleona"	4	16	"False"	"wdadn"	4	212	83	66	5	19	38	6	13	0.0757575757575758	0.315789473684211	0	0	6	2	11	7	5	NA	0.714285714285714	0.0757575757575758	0.423076923076923
"Symphypleona"	5	17	"False"	"wdadn"	4	212	87	66	5	19	38	6	13	0.0757575757575758	0.315789473684211	0	0	6	2	11	7	5	NA	0.714285714285714	0.0757575757575758	0.423076923076923
"Symphypleona"	6	18	"False"	"wdadn"	4	212	86	66	5	19	38	6	13	0.0757575757575758	0.315789473684211	0	0	6	2	11	7	5	NA	0.714285714285714	0.0757575757575758	0.423076923076923
"Symphypleona"	7	19	"False"	"wdadn"	4	212	92	66	5	19	38	6	12	0.0757575757575758	0.315789473684211	0	0	6	2	11	7	4	NA	0.571428571428571	0.0757575757575758	0.384615384615385
"Symphypleona"	8	20	"False"	"wdadn"	4	212	93	66	5	19	38	6	12	0.0757575757575758	0.315789473684211	0	0	6	2	11	7	4	NA	0.571428571428571	0.0757575757575758	0.384615384615385
"Symphypleona"	9	21	"False"	"wdadn"	4	212	86	66	5	19	38	9	15	0.0757575757575758	0.473684210526316	0	0	6	2	11	7	4	NA	0.571428571428571	0.0757575757575758	0.5
"Symphypleona"	10	22	"False"	"wdadn"	4	212	86	66	5	19	38	8	14	0.0757575757575758	0.421052631578947	0	0	6	2	11	7	4	NA	0.571428571428571	0.0757575757575758	0.461538461538462
"Symphypleona"	11	23	"False"	"wdadn"	4	212	88	66	5	19	38	6	12	0.0757575757575758	0.315789473684211	0	0	6	2	11	7	4	NA	0.571428571428571	0.0757575757575758	0.384615384615385
"Symphypleona"	12	24	"False"	"wdadn"	4	212	89	66	5	19	38	6	12	0.0757575757575758	0.315789473684211	0	0	6	2	11	7	4	NA	0.571428571428571	0.0757575757575758	0.384615384615385
"Odonata"	1	13	"False"	"wdadn"	4	34	15	20	1	3	3	0	0	0.05	0	2	0	57	15	28	10	4	0	0.4	0.0454545454545455	0.307692307692308
"Odonata"	2	14	"False"	"wdadn"	4	34	15	20	1	3	3	0	0	0.05	0	2	0	57	15	28	10	4	0	0.4	0.0454545454545455	0.307692307692308
"Odonata"	3	15	"False"	"wdadn"	4	34	15	20	1	3	3	0	0	0.05	0	2	0	57	15	28	10	4	0	0.4	0.0454545454545455	0.307692307692308
"Odonata"	4	16	"False"	"wdadn"	4	34	15	20	1	3	3	0	0	0.05	0	2	0	57	15	28	10	4	0	0.4	0.0454545454545455	0.307692307692308
"Odonata"	5	17	"False"	"wdadn"	4	34	15	20	1	3	3	0	0	0.05	0	2	0	57	15	28	10	4	0	0.4	0.0454545454545455	0.307692307692308
"Odonata"	6	18	"False"	"wdadn"	4	34	15	20	1	3	3	0	0	0.05	0	2	0	57	15	28	10	4	0	0.4	0.0454545454545455	0.307692307692308
"Odonata"	7	19	"False"	"wdadn"	4	34	15	20	1	3	3	0	0	0.05	0	2	0	57	15	28	10	4	0	0.4	0.0454545454545455	0.307692307692308
"Odonata"	8	20	"False"	"wdadn"	4	34	15	20	1	3	3	0	0	0.05	0	2	0	57	15	28	10	4	0	0.4	0.0454545454545455	0.307692307692308
"Odonata"	9	21	"False"	"wdadn"	4	34	15	20	1	3	3	0	0	0.05	0	2	0	57	15	28	10	4	0	0.4	0.0454545454545455	0.307692307692308
"Odonata"	10	22	"False"	"wdadn"	4	34	15	20	1	3	3	0	0	0.05	0	2	0	57	15	28	10	4	0	0.4	0.0454545454545455	0.307692307692308
"Odonata"	11	23	"False"	"wdadn"	4	34	15	20	1	3	3	0	0	0.05	0	2	0	57	15	28	10	4	0	0.4	0.0454545454545455	0.307692307692308
"Odonata"	12	24	"False"	"wdadn"	4	34	15	20	1	3	3	0	0	0.05	0	2	0	57	15	28	10	4	0	0.4	0.0454545454545455	0.307692307692308
"Entomobryomorpha"	1	13	"False"	"wdadn"	4	787	476	187	25	72	303	19	82	0.133689839572193	0.263888888888889	0	0	5	3	28	14	7	NA	0.5	0.133689839572193	0.302325581395349
"Entomobryomorpha"	2	14	"False"	"wdadn"	4	787	474	187	24	72	303	20	82	0.128342245989305	0.277777777777778	0	0	5	3	28	14	7	NA	0.5	0.128342245989305	0.313953488372093
"Entomobryomorpha"	3	15	"False"	"wdadn"	4	787	451	187	17	72	303	24	88	0.0909090909090909	0.333333333333333	0	0	5	3	28	14	7	NA	0.5	0.0909090909090909	0.36046511627907
"Entomobryomorpha"	4	16	"False"	"wdadn"	4	787	450	187	16	72	303	24	88	0.0855614973262032	0.333333333333333	0	0	5	3	28	14	7	NA	0.5	0.0855614973262032	0.36046511627907
"Entomobryomorpha"	5	17	"False"	"wdadn"	4	787	452	187	17	72	303	24	88	0.0909090909090909	0.333333333333333	0	0	5	3	28	14	7	NA	0.5	0.0909090909090909	0.36046511627907
"Entomobryomorpha"	6	18	"False"	"wdadn"	4	787	451	187	16	72	303	24	88	0.0855614973262032	0.333333333333333	0	0	5	3	28	14	7	NA	0.5	0.0855614973262032	0.36046511627907
"Entomobryomorpha"	7	19	"False"	"wdadn"	4	787	495	187	25	72	303	16	74	0.133689839572193	0.222222222222222	0	0	5	3	28	14	6	NA	0.428571428571429	0.133689839572193	0.255813953488372
"Entomobryomorpha"	8	20	"False"	"wdadn"	4	787	493	187	25	72	303	17	75	0.133689839572193	0.236111111111111	0	0	5	3	28	14	6	NA	0.428571428571429	0.133689839572193	0.267441860465116
"Entomobryomorpha"	9	21	"False"	"wdadn"	4	787	478	187	25	72	303	18	80	0.133689839572193	0.25	0	0	5	3	28	14	7	NA	0.5	0.133689839572193	0.290697674418605
"Entomobryomorpha"	10	22	"False"	"wdadn"	4	787	477	187	25	72	303	19	80	0.133689839572193	0.263888888888889	0	0	5	3	28	14	7	NA	0.5	0.133689839572193	0.302325581395349
"Entomobryomorpha"	11	23	"False"	"wdadn"	4	787	494	187	25	72	303	16	74	0.133689839572193	0.222222222222222	0	0	5	3	28	14	6	NA	0.428571428571429	0.133689839572193	0.255813953488372
"Entomobryomorpha"	12	24	"False"	"wdadn"	4	787	492	187	25	72	303	17	75	0.133689839572193	0.236111111111111	0	0	5	3	28	14	6	NA	0.428571428571429	0.133689839572193	0.267441860465116
"Hemiptera"	1	13	"False"	"wdadn"	4	1869	409	844	23	100	131	21	23	0.0272511848341232	0.21	204	0	213	86	138	30	18	0	0.6	0.0219465648854962	0.3
"Hemiptera"	2	14	"False"	"wdadn"	4	1869	403	844	25	100	131	22	23	0.0296208530805687	0.22	204	0	213	86	138	30	18	0	0.6	0.0238549618320611	0.307692307692308
"Hemiptera"	3	15	"False"	"wdadn"	4	1869	422	844	24	100	131	22	23	0.028436018957346	0.22	204	0	213	86	138	30	17	0	0.566666666666667	0.0229007633587786	0.3
"Hemiptera"	4	16	"False"	"wdadn"	4	1869	423	844	25	100	131	21	22	0.0296208530805687	0.21	204	0	213	86	138	30	17	0	0.566666666666667	0.0238549618320611	0.292307692307692
"Hemiptera"	5	17	"False"	"wdadn"	4	1869	423	844	24	100	131	22	23	0.028436018957346	0.22	204	0	213	86	138	30	17	0	0.566666666666667	0.0229007633587786	0.3
"Hemiptera"	6	18	"False"	"wdadn"	4	1869	425	844	25	100	131	21	22	0.0296208530805687	0.21	204	0	213	86	138	30	17	0	0.566666666666667	0.0238549618320611	0.292307692307692
"Hemiptera"	7	19	"False"	"wdadn"	4	1869	457	844	27	100	131	13	13	0.0319905213270142	0.13	204	0	213	86	138	30	16	0	0.533333333333333	0.025763358778626	0.223076923076923
"Hemiptera"	8	20	"False"	"wdadn"	4	1869	454	844	27	100	131	13	13	0.0319905213270142	0.13	204	0	213	86	138	30	16	0	0.533333333333333	0.025763358778626	0.223076923076923
"Hemiptera"	9	21	"False"	"wdadn"	4	1869	412	844	23	100	131	20	22	0.0272511848341232	0.2	204	0	213	86	138	30	18	0	0.6	0.0219465648854962	0.292307692307692
"Hemiptera"	10	22	"False"	"wdadn"	4	1869	405	844	25	100	131	22	23	0.0296208530805687	0.22	204	0	213	86	138	30	18	0	0.6	0.0238549618320611	0.307692307692308
"Hemiptera"	11	23	"False"	"wdadn"	4	1869	450	844	27	100	131	14	14	0.0319905213270142	0.14	204	0	213	86	138	30	16	0	0.533333333333333	0.025763358778626	0.230769230769231
"Hemiptera"	12	24	"False"	"wdadn"	4	1869	447	844	27	100	131	14	14	0.0319905213270142	0.14	204	0	213	86	138	30	16	0	0.533333333333333	0.025763358778626	0.230769230769231
"Plecoptera"	1	13	"False"	"wdadn"	4	61	23	38	4	9	15	2	2	0.105263157894737	0.222222222222222	20	0	16	14	22	2	2	0	1	0.0689655172413793	0.363636363636364
"Plecoptera"	2	14	"False"	"wdadn"	4	61	23	38	4	9	15	2	2	0.105263157894737	0.222222222222222	20	0	16	14	22	2	2	0	1	0.0689655172413793	0.363636363636364
"Plecoptera"	3	15	"False"	"wdadn"	4	61	24	38	6	9	15	2	2	0.157894736842105	0.222222222222222	20	0	16	14	22	2	1	0	0.5	0.103448275862069	0.272727272727273
"Plecoptera"	4	16	"False"	"wdadn"	4	61	24	38	6	9	15	2	2	0.157894736842105	0.222222222222222	20	0	16	14	22	2	1	0	0.5	0.103448275862069	0.272727272727273
"Plecoptera"	5	17	"False"	"wdadn"	4	61	24	38	6	9	15	2	2	0.157894736842105	0.222222222222222	20	0	16	14	22	2	1	0	0.5	0.103448275862069	0.272727272727273
"Plecoptera"	6	18	"False"	"wdadn"	4	61	24	38	6	9	15	2	2	0.157894736842105	0.222222222222222	20	0	16	14	22	2	1	0	0.5	0.103448275862069	0.272727272727273
"Plecoptera"	7	19	"False"	"wdadn"	4	61	25	38	6	9	15	2	2	0.157894736842105	0.222222222222222	20	0	16	14	22	2	1	0	0.5	0.103448275862069	0.272727272727273
"Plecoptera"	8	20	"False"	"wdadn"	4	61	25	38	6	9	15	2	2	0.157894736842105	0.222222222222222	20	0	16	14	22	2	1	0	0.5	0.103448275862069	0.272727272727273
"Plecoptera"	9	21	"False"	"wdadn"	4	61	23	38	4	9	15	2	2	0.105263157894737	0.222222222222222	20	0	16	14	22	2	2	0	1	0.0689655172413793	0.363636363636364
"Plecoptera"	10	22	"False"	"wdadn"	4	61	23	38	4	9	15	2	2	0.105263157894737	0.222222222222222	20	0	16	14	22	2	2	0	1	0.0689655172413793	0.363636363636364
"Plecoptera"	11	23	"False"	"wdadn"	4	61	25	38	6	9	15	2	2	0.157894736842105	0.222222222222222	20	0	16	14	22	2	1	0	0.5	0.103448275862069	0.272727272727273
"Plecoptera"	12	24	"False"	"wdadn"	4	61	25	38	6	9	15	2	2	0.157894736842105	0.222222222222222	20	0	16	14	22	2	1	0	0.5	0.103448275862069	0.272727272727273
"Ephemeroptera"	1	13	"False"	"wdadn"	4	46	2	39	1	1	1	0	0	0.0256410256410256	0	14	0	28	12	18	3	3	0	1	0.0188679245283019	0.75
"Ephemeroptera"	2	14	"False"	"wdadn"	4	46	2	39	1	1	1	0	0	0.0256410256410256	0	14	0	28	12	18	3	3	0	1	0.0188679245283019	0.75
"Ephemeroptera"	3	15	"False"	"wdadn"	4	46	2	39	1	1	1	0	0	0.0256410256410256	0	14	0	28	12	18	3	3	0	1	0.0188679245283019	0.75
"Ephemeroptera"	4	16	"False"	"wdadn"	4	46	2	39	1	1	1	0	0	0.0256410256410256	0	14	0	28	12	18	3	3	0	1	0.0188679245283019	0.75
"Ephemeroptera"	5	17	"False"	"wdadn"	4	46	2	39	1	1	1	0	0	0.0256410256410256	0	14	0	28	12	18	3	3	0	1	0.0188679245283019	0.75
"Ephemeroptera"	6	18	"False"	"wdadn"	4	46	2	39	1	1	1	0	0	0.0256410256410256	0	14	0	28	12	18	3	3	0	1	0.0188679245283019	0.75
"Ephemeroptera"	7	19	"False"	"wdadn"	4	46	2	39	1	1	1	0	0	0.0256410256410256	0	14	0	28	12	18	3	3	0	1	0.0188679245283019	0.75
"Ephemeroptera"	8	20	"False"	"wdadn"	4	46	2	39	1	1	1	0	0	0.0256410256410256	0	14	0	28	12	18	3	3	0	1	0.0188679245283019	0.75
"Ephemeroptera"	9	21	"False"	"wdadn"	4	46	2	39	1	1	1	0	0	0.0256410256410256	0	14	0	28	12	18	3	3	0	1	0.0188679245283019	0.75
"Ephemeroptera"	10	22	"False"	"wdadn"	4	46	2	39	1	1	1	0	0	0.0256410256410256	0	14	0	28	12	18	3	3	0	1	0.0188679245283019	0.75
"Ephemeroptera"	11	23	"False"	"wdadn"	4	46	2	39	1	1	1	0	0	0.0256410256410256	0	14	0	28	12	18	3	3	0	1	0.0188679245283019	0.75
"Ephemeroptera"	12	24	"False"	"wdadn"	4	46	2	39	1	1	1	0	0	0.0256410256410256	0	14	0	28	12	18	3	3	0	1	0.0188679245283019	0.75
"Poduromorpha"	1	13	"False"	"wdadn"	4	373	183	83	1	36	115	19	29	0.0120481927710843	0.527777777777778	0	0	1	1	1	0	0	NA	NA	0.0120481927710843	0.527777777777778
"Poduromorpha"	2	14	"False"	"wdadn"	4	373	177	83	1	36	115	20	30	0.0120481927710843	0.555555555555556	0	0	1	1	1	0	0	NA	NA	0.0120481927710843	0.555555555555556
"Poduromorpha"	3	15	"False"	"wdadn"	4	373	186	83	1	36	115	18	30	0.0120481927710843	0.5	0	0	1	1	1	0	0	NA	NA	0.0120481927710843	0.5
"Poduromorpha"	4	16	"False"	"wdadn"	4	373	180	83	1	36	115	18	31	0.0120481927710843	0.5	0	0	1	1	1	0	0	NA	NA	0.0120481927710843	0.5
"Poduromorpha"	5	17	"False"	"wdadn"	4	373	186	83	1	36	115	18	30	0.0120481927710843	0.5	0	0	1	1	1	0	0	NA	NA	0.0120481927710843	0.5
"Poduromorpha"	6	18	"False"	"wdadn"	4	373	180	83	1	36	115	18	31	0.0120481927710843	0.5	0	0	1	1	1	0	0	NA	NA	0.0120481927710843	0.5
"Poduromorpha"	7	19	"False"	"wdadn"	4	373	197	83	3	36	115	16	23	0.036144578313253	0.444444444444444	0	0	1	1	1	0	0	NA	NA	0.036144578313253	0.444444444444444
"Poduromorpha"	8	20	"False"	"wdadn"	4	373	191	83	3	36	115	16	23	0.036144578313253	0.444444444444444	0	0	1	1	1	0	0	NA	NA	0.036144578313253	0.444444444444444
"Poduromorpha"	9	21	"False"	"wdadn"	4	373	185	83	1	36	115	19	28	0.0120481927710843	0.527777777777778	0	0	1	1	1	0	0	NA	NA	0.0120481927710843	0.527777777777778
"Poduromorpha"	10	22	"False"	"wdadn"	4	373	179	83	1	36	115	20	29	0.0120481927710843	0.555555555555556	0	0	1	1	1	0	0	NA	NA	0.0120481927710843	0.555555555555556
"Poduromorpha"	11	23	"False"	"wdadn"	4	373	194	83	1	36	115	16	24	0.0120481927710843	0.444444444444444	0	0	1	1	1	0	0	NA	NA	0.0120481927710843	0.444444444444444
"Poduromorpha"	12	24	"False"	"wdadn"	4	373	188	83	1	36	115	16	24	0.0120481927710843	0.444444444444444	0	0	1	1	1	0	0	NA	NA	0.0120481927710843	0.444444444444444
"Megaloptera"	1	13	"False"	"wdadn"	4	3	2	1	0	1	1	0	0	0	0	0	0	0	0	0	0	0	NA	NA	0	0
"Megaloptera"	2	14	"False"	"wdadn"	4	3	2	1	0	1	1	0	0	0	0	0	0	0	0	0	0	0	NA	NA	0	0
"Megaloptera"	3	15	"False"	"wdadn"	4	3	2	1	0	1	1	0	0	0	0	0	0	0	0	0	0	0	NA	NA	0	0
"Megaloptera"	4	16	"False"	"wdadn"	4	3	2	1	0	1	1	0	0	0	0	0	0	0	0	0	0	0	NA	NA	0	0
"Megaloptera"	5	17	"False"	"wdadn"	4	3	2	1	0	1	1	0	0	0	0	0	0	0	0	0	0	0	NA	NA	0	0
"Megaloptera"	6	18	"False"	"wdadn"	4	3	2	1	0	1	1	0	0	0	0	0	0	0	0	0	0	0	NA	NA	0	0
"Megaloptera"	7	19	"False"	"wdadn"	4	3	2	1	0	1	1	0	0	0	0	0	0	0	0	0	0	0	NA	NA	0	0
"Megaloptera"	8	20	"False"	"wdadn"	4	3	2	1	0	1	1	0	0	0	0	0	0	0	0	0	0	0	NA	NA	0	0
"Megaloptera"	9	21	"False"	"wdadn"	4	3	2	1	0	1	1	0	0	0	0	0	0	0	0	0	0	0	NA	NA	0	0
"Megaloptera"	10	22	"False"	"wdadn"	4	3	2	1	0	1	1	0	0	0	0	0	0	0	0	0	0	0	NA	NA	0	0
"Megaloptera"	11	23	"False"	"wdadn"	4	3	2	1	0	1	1	0	0	0	0	0	0	0	0	0	0	0	NA	NA	0	0
"Megaloptera"	12	24	"False"	"wdadn"	4	3	2	1	0	1	1	0	0	0	0	0	0	0	0	0	0	0	NA	NA	0	0
"Neuroptera"	1	13	"False"	"wdadn"	4	99	14	58	2	1	1	0	0	0.0344827586206897	0	28	0	7	2	4	2	1	0	0.5	0.0232558139534884	0.333333333333333
"Neuroptera"	2	14	"False"	"wdadn"	4	99	15	58	2	1	1	0	0	0.0344827586206897	0	28	0	7	2	4	2	0	0	0	0.0232558139534884	0
"Neuroptera"	3	15	"False"	"wdadn"	4	99	16	58	2	1	1	1	1	0.0344827586206897	1	28	0	7	2	4	2	0	0	0	0.0232558139534884	0.333333333333333
"Neuroptera"	4	16	"False"	"wdadn"	4	99	15	58	2	1	1	1	1	0.0344827586206897	1	28	0	7	2	4	2	0	0	0	0.0232558139534884	0.333333333333333
"Neuroptera"	5	17	"False"	"wdadn"	4	99	16	58	2	1	1	1	1	0.0344827586206897	1	28	0	7	2	4	2	0	0	0	0.0232558139534884	0.333333333333333
"Neuroptera"	6	18	"False"	"wdadn"	4	99	15	58	2	1	1	1	1	0.0344827586206897	1	28	0	7	2	4	2	0	0	0	0.0232558139534884	0.333333333333333
"Neuroptera"	7	19	"False"	"wdadn"	4	99	17	58	2	1	1	1	1	0.0344827586206897	1	28	0	7	2	4	2	0	0	0	0.0232558139534884	0.333333333333333
"Neuroptera"	8	20	"False"	"wdadn"	4	99	16	58	2	1	1	1	1	0.0344827586206897	1	28	0	7	2	4	2	0	0	0	0.0232558139534884	0.333333333333333
"Neuroptera"	9	21	"False"	"wdadn"	4	99	14	58	2	1	1	0	0	0.0344827586206897	0	28	0	7	2	4	2	1	0	0.5	0.0232558139534884	0.333333333333333
"Neuroptera"	10	22	"False"	"wdadn"	4	99	15	58	2	1	1	0	0	0.0344827586206897	0	28	0	7	2	4	2	0	0	0	0.0232558139534884	0
"Neuroptera"	11	23	"False"	"wdadn"	4	99	16	58	2	1	1	1	1	0.0344827586206897	1	28	0	7	2	4	2	0	0	0	0.0232558139534884	0.333333333333333
"Neuroptera"	12	24	"False"	"wdadn"	4	99	15	58	2	1	1	1	1	0.0344827586206897	1	28	0	7	2	4	2	0	0	0	0.0232558139534884	0.333333333333333
"Siphonaptera"	1	13	"False"	"wdadn"	4	6	1	3	0	0	0	0	0	0	NA	1	0	3	1	1	0	0	0	NA	0	NA
"Siphonaptera"	2	14	"False"	"wdadn"	4	6	0	3	0	0	0	0	0	0	NA	1	0	3	1	1	0	0	0	NA	0	NA
"Siphonaptera"	3	15	"False"	"wdadn"	4	6	1	3	0	0	0	0	0	0	NA	1	0	3	1	1	0	0	0	NA	0	NA
"Siphonaptera"	4	16	"False"	"wdadn"	4	6	0	3	0	0	0	0	0	0	NA	1	0	3	1	1	0	0	0	NA	0	NA
"Siphonaptera"	5	17	"False"	"wdadn"	4	6	1	3	0	0	0	0	0	0	NA	1	0	3	1	1	0	0	0	NA	0	NA
"Siphonaptera"	6	18	"False"	"wdadn"	4	6	0	3	0	0	0	0	0	0	NA	1	0	3	1	1	0	0	0	NA	0	NA
"Siphonaptera"	7	19	"False"	"wdadn"	4	6	1	3	0	0	0	0	0	0	NA	1	0	3	1	1	0	0	0	NA	0	NA
"Siphonaptera"	8	20	"False"	"wdadn"	4	6	0	3	0	0	0	0	0	0	NA	1	0	3	1	1	0	0	0	NA	0	NA
"Siphonaptera"	9	21	"False"	"wdadn"	4	6	1	3	0	0	0	0	0	0	NA	1	0	3	1	1	0	0	0	NA	0	NA
"Siphonaptera"	10	22	"False"	"wdadn"	4	6	0	3	0	0	0	0	0	0	NA	1	0	3	1	1	0	0	0	NA	0	NA
"Siphonaptera"	11	23	"False"	"wdadn"	4	6	1	3	0	0	0	0	0	0	NA	1	0	3	1	1	0	0	0	NA	0	NA
"Siphonaptera"	12	24	"False"	"wdadn"	4	6	0	3	0	0	0	0	0	0	NA	1	0	3	1	1	0	0	0	NA	0	NA
"Blattodea"	1	13	"False"	"wdadn"	4	36	29	5	2	2	18	0	0	0.4	0	0	0	0	0	0	0	0	NA	NA	0.4	0
"Blattodea"	2	14	"False"	"wdadn"	4	36	29	5	2	2	18	0	0	0.4	0	0	0	0	0	0	0	0	NA	NA	0.4	0
"Blattodea"	3	15	"False"	"wdadn"	4	36	30	5	2	2	18	0	0	0.4	0	0	0	0	0	0	0	0	NA	NA	0.4	0
"Blattodea"	4	16	"False"	"wdadn"	4	36	30	5	2	2	18	0	0	0.4	0	0	0	0	0	0	0	0	NA	NA	0.4	0
"Blattodea"	5	17	"False"	"wdadn"	4	36	30	5	2	2	18	0	0	0.4	0	0	0	0	0	0	0	0	NA	NA	0.4	0
"Blattodea"	6	18	"False"	"wdadn"	4	36	30	5	2	2	18	0	0	0.4	0	0	0	0	0	0	0	0	NA	NA	0.4	0
"Blattodea"	7	19	"False"	"wdadn"	4	36	32	5	2	2	18	0	0	0.4	0	0	0	0	0	0	0	0	NA	NA	0.4	0
"Blattodea"	8	20	"False"	"wdadn"	4	36	32	5	2	2	18	0	0	0.4	0	0	0	0	0	0	0	0	NA	NA	0.4	0
"Blattodea"	9	21	"False"	"wdadn"	4	36	29	5	2	2	18	0	0	0.4	0	0	0	0	0	0	0	0	NA	NA	0.4	0
"Blattodea"	10	22	"False"	"wdadn"	4	36	29	5	2	2	18	0	0	0.4	0	0	0	0	0	0	0	0	NA	NA	0.4	0
"Blattodea"	11	23	"False"	"wdadn"	4	36	32	5	2	2	18	0	0	0.4	0	0	0	0	0	0	0	0	NA	NA	0.4	0
"Blattodea"	12	24	"False"	"wdadn"	4	36	32	5	2	2	18	0	0	0.4	0	0	0	0	0	0	0	0	NA	NA	0.4	0
"Zygentoma"	1	13	"False"	"wdadn"	4	6	4	1	0	1	5	1	1	0	1	0	0	3	1	6	0	0	NA	NA	0	1
"Zygentoma"	2	14	"False"	"wdadn"	4	6	4	1	0	1	5	1	1	0	1	0	0	3	1	6	0	0	NA	NA	0	1
"Zygentoma"	3	15	"False"	"wdadn"	4	6	4	1	0	1	5	1	1	0	1	0	0	3	1	6	0	0	NA	NA	0	1
"Zygentoma"	4	16	"False"	"wdadn"	4	6	4	1	0	1	5	1	1	0	1	0	0	3	1	6	0	0	NA	NA	0	1
"Zygentoma"	5	17	"False"	"wdadn"	4	6	4	1	0	1	5	1	1	0	1	0	0	3	1	6	0	0	NA	NA	0	1
"Zygentoma"	6	18	"False"	"wdadn"	4	6	4	1	0	1	5	1	1	0	1	0	0	3	1	6	0	0	NA	NA	0	1
"Zygentoma"	7	19	"False"	"wdadn"	4	6	4	1	0	1	5	1	1	0	1	0	0	3	1	6	0	0	NA	NA	0	1
"Zygentoma"	8	20	"False"	"wdadn"	4	6	4	1	0	1	5	1	1	0	1	0	0	3	1	6	0	0	NA	NA	0	1
"Zygentoma"	9	21	"False"	"wdadn"	4	6	4	1	0	1	5	1	1	0	1	0	0	3	1	6	0	0	NA	NA	0	1
"Zygentoma"	10	22	"False"	"wdadn"	4	6	4	1	0	1	5	1	1	0	1	0	0	3	1	6	0	0	NA	NA	0	1
"Zygentoma"	11	23	"False"	"wdadn"	4	6	4	1	0	1	5	1	1	0	1	0	0	3	1	6	0	0	NA	NA	0	1
"Zygentoma"	12	24	"False"	"wdadn"	4	6	4	1	0	1	5	1	1	0	1	0	0	3	1	6	0	0	NA	NA	0	1
"Orthoptera"	1	13	"False"	"wdadn"	4	1019	909	26	7	11	45	2	2	0.269230769230769	0.181818181818182	0	0	39	20	817	757	52	NA	0.0686922060766182	0.269230769230769	0.0703125
"Orthoptera"	2	14	"False"	"wdadn"	4	1019	910	26	7	11	45	2	2	0.269230769230769	0.181818181818182	0	0	39	20	817	757	52	NA	0.0686922060766182	0.269230769230769	0.0703125
"Orthoptera"	3	15	"False"	"wdadn"	4	1019	907	26	7	11	45	2	2	0.269230769230769	0.181818181818182	0	0	39	20	817	757	53	NA	0.0700132100396301	0.269230769230769	0.0716145833333333
"Orthoptera"	4	16	"False"	"wdadn"	4	1019	906	26	7	11	45	2	2	0.269230769230769	0.181818181818182	0	0	39	20	817	757	54	NA	0.071334214002642	0.269230769230769	0.0729166666666667
"Orthoptera"	5	17	"False"	"wdadn"	4	1019	908	26	7	11	45	2	2	0.269230769230769	0.181818181818182	0	0	39	20	817	757	53	NA	0.0700132100396301	0.269230769230769	0.0716145833333333
"Orthoptera"	6	18	"False"	"wdadn"	4	1019	907	26	7	11	45	2	2	0.269230769230769	0.181818181818182	0	0	39	20	817	757	54	NA	0.071334214002642	0.269230769230769	0.0729166666666667
"Orthoptera"	7	19	"False"	"wdadn"	4	1019	914	26	7	11	45	2	2	0.269230769230769	0.181818181818182	0	0	39	20	817	757	52	NA	0.0686922060766182	0.269230769230769	0.0703125
"Orthoptera"	8	20	"False"	"wdadn"	4	1019	914	26	7	11	45	2	2	0.269230769230769	0.181818181818182	0	0	39	20	817	757	52	NA	0.0686922060766182	0.269230769230769	0.0703125
"Orthoptera"	9	21	"False"	"wdadn"	4	1019	909	26	7	11	45	2	2	0.269230769230769	0.181818181818182	0	0	39	20	817	757	52	NA	0.0686922060766182	0.269230769230769	0.0703125
"Orthoptera"	10	22	"False"	"wdadn"	4	1019	910	26	7	11	45	2	2	0.269230769230769	0.181818181818182	0	0	39	20	817	757	52	NA	0.0686922060766182	0.269230769230769	0.0703125
"Orthoptera"	11	23	"False"	"wdadn"	4	1019	912	26	7	11	45	2	2	0.269230769230769	0.181818181818182	0	0	39	20	817	757	52	NA	0.0686922060766182	0.269230769230769	0.0703125
"Orthoptera"	12	24	"False"	"wdadn"	4	1019	912	26	7	11	45	2	2	0.269230769230769	0.181818181818182	0	0	39	20	817	757	52	NA	0.0686922060766182	0.269230769230769	0.0703125
"Dermaptera"	1	13	"False"	"wdadn"	4	9	1	5	0	0	0	0	0	0	NA	0	0	4	3	6	1	1	NA	1	0	NA
"Dermaptera"	2	14	"False"	"wdadn"	4	9	1	5	0	0	0	0	0	0	NA	0	0	4	3	6	1	1	NA	1	0	NA
"Dermaptera"	3	15	"False"	"wdadn"	4	9	1	5	0	0	0	0	0	0	NA	0	0	4	3	6	1	1	NA	1	0	NA
"Dermaptera"	4	16	"False"	"wdadn"	4	9	1	5	0	0	0	0	0	0	NA	0	0	4	3	6	1	1	NA	1	0	NA
"Dermaptera"	5	17	"False"	"wdadn"	4	9	1	5	0	0	0	0	0	0	NA	0	0	4	3	6	1	1	NA	1	0	NA
"Dermaptera"	6	18	"False"	"wdadn"	4	9	1	5	0	0	0	0	0	0	NA	0	0	4	3	6	1	1	NA	1	0	NA
"Dermaptera"	7	19	"False"	"wdadn"	4	9	2	5	1	0	0	0	0	0.2	NA	0	0	4	3	6	1	0	NA	0	0.2	NA
"Dermaptera"	8	20	"False"	"wdadn"	4	9	2	5	1	0	0	0	0	0.2	NA	0	0	4	3	6	1	0	NA	0	0.2	NA
"Dermaptera"	9	21	"False"	"wdadn"	4	9	1	5	0	0	0	0	0	0	NA	0	0	4	3	6	1	1	NA	1	0	NA
"Dermaptera"	10	22	"False"	"wdadn"	4	9	1	5	0	0	0	0	0	0	NA	0	0	4	3	6	1	1	NA	1	0	NA
"Dermaptera"	11	23	"False"	"wdadn"	4	9	2	5	1	0	0	0	0	0.2	NA	0	0	4	3	6	1	0	NA	0	0.2	NA
"Dermaptera"	12	24	"False"	"wdadn"	4	9	2	5	1	0	0	0	0	0.2	NA	0	0	4	3	6	1	0	NA	0	0.2	NA
"Psocoptera"	1	13	"False"	"wdadn"	4	32	1	0	0	0	0	0	0	NA	NA	0	0	0	0	0	0	0	NA	NA	NA	NA
"Psocoptera"	2	14	"False"	"wdadn"	4	32	1	0	0	0	0	0	0	NA	NA	0	0	0	0	0	0	0	NA	NA	NA	NA
"Psocoptera"	3	15	"False"	"wdadn"	4	32	1	0	0	0	0	0	0	NA	NA	0	0	0	0	0	0	0	NA	NA	NA	NA
"Psocoptera"	4	16	"False"	"wdadn"	4	32	1	0	0	0	0	0	0	NA	NA	0	0	0	0	0	0	0	NA	NA	NA	NA
"Psocoptera"	5	17	"False"	"wdadn"	4	32	1	0	0	0	0	0	0	NA	NA	0	0	0	0	0	0	0	NA	NA	NA	NA
"Psocoptera"	6	18	"False"	"wdadn"	4	32	1	0	0	0	0	0	0	NA	NA	0	0	0	0	0	0	0	NA	NA	NA	NA
"Psocoptera"	7	19	"False"	"wdadn"	4	32	1	0	0	0	0	0	0	NA	NA	0	0	0	0	0	0	0	NA	NA	NA	NA
"Psocoptera"	8	20	"False"	"wdadn"	4	32	1	0	0	0	0	0	0	NA	NA	0	0	0	0	0	0	0	NA	NA	NA	NA
"Psocoptera"	9	21	"False"	"wdadn"	4	32	1	0	0	0	0	0	0	NA	NA	0	0	0	0	0	0	0	NA	NA	NA	NA
"Psocoptera"	10	22	"False"	"wdadn"	4	32	1	0	0	0	0	0	0	NA	NA	0	0	0	0	0	0	0	NA	NA	NA	NA
"Psocoptera"	11	23	"False"	"wdadn"	4	32	1	0	0	0	0	0	0	NA	NA	0	0	0	0	0	0	0	NA	NA	NA	NA
"Psocoptera"	12	24	"False"	"wdadn"	4	32	1	0	0	0	0	0	0	NA	NA	0	0	0	0	0	0	0	NA	NA	NA	NA
"Archaeognatha"	1	13	"False"	"wdadn"	4	8	7	0	0	0	0	0	0	NA	NA	0	0	0	0	0	0	0	NA	NA	NA	NA
"Archaeognatha"	2	14	"False"	"wdadn"	4	8	7	0	0	0	0	0	0	NA	NA	0	0	0	0	0	0	0	NA	NA	NA	NA
"Archaeognatha"	3	15	"False"	"wdadn"	4	8	7	0	0	0	0	0	0	NA	NA	0	0	0	0	0	0	0	NA	NA	NA	NA
"Archaeognatha"	4	16	"False"	"wdadn"	4	8	7	0	0	0	0	0	0	NA	NA	0	0	0	0	0	0	0	NA	NA	NA	NA
"Archaeognatha"	5	17	"False"	"wdadn"	4	8	7	0	0	0	0	0	0	NA	NA	0	0	0	0	0	0	0	NA	NA	NA	NA
"Archaeognatha"	6	18	"False"	"wdadn"	4	8	7	0	0	0	0	0	0	NA	NA	0	0	0	0	0	0	0	NA	NA	NA	NA
"Archaeognatha"	7	19	"False"	"wdadn"	4	8	7	0	0	0	0	0	0	NA	NA	0	0	0	0	0	0	0	NA	NA	NA	NA
"Archaeognatha"	8	20	"False"	"wdadn"	4	8	7	0	0	0	0	0	0	NA	NA	0	0	0	0	0	0	0	NA	NA	NA	NA
"Archaeognatha"	9	21	"False"	"wdadn"	4	8	7	0	0	0	0	0	0	NA	NA	0	0	0	0	0	0	0	NA	NA	NA	NA
"Archaeognatha"	10	22	"False"	"wdadn"	4	8	7	0	0	0	0	0	0	NA	NA	0	0	0	0	0	0	0	NA	NA	NA	NA
"Archaeognatha"	11	23	"False"	"wdadn"	4	8	7	0	0	0	0	0	0	NA	NA	0	0	0	0	0	0	0	NA	NA	NA	NA
"Archaeognatha"	12	24	"False"	"wdadn"	4	8	7	0	0	0	0	0	0	NA	NA	0	0	0	0	0	0	0	NA	NA	NA	NA
"Neelipleona"	1	13	"False"	"wdadn"	4	19	3	9	0	6	9	5	6	0	0.833333333333333	0	0	2	1	15	12	10	NA	0.833333333333333	0	0.833333333333333
"Neelipleona"	2	14	"False"	"wdadn"	4	19	3	9	0	6	9	5	6	0	0.833333333333333	0	0	2	1	15	12	10	NA	0.833333333333333	0	0.833333333333333
"Neelipleona"	3	15	"False"	"wdadn"	4	19	4	9	0	6	9	4	5	0	0.666666666666667	0	0	2	1	15	12	9	NA	0.75	0	0.722222222222222
"Neelipleona"	4	16	"False"	"wdadn"	4	19	4	9	0	6	9	4	5	0	0.666666666666667	0	0	2	1	15	12	9	NA	0.75	0	0.722222222222222
"Neelipleona"	5	17	"False"	"wdadn"	4	19	4	9	0	6	9	4	5	0	0.666666666666667	0	0	2	1	15	12	9	NA	0.75	0	0.722222222222222
"Neelipleona"	6	18	"False"	"wdadn"	4	19	4	9	0	6	9	4	5	0	0.666666666666667	0	0	2	1	15	12	9	NA	0.75	0	0.722222222222222
"Neelipleona"	7	19	"False"	"wdadn"	4	19	6	9	0	6	9	3	4	0	0.5	0	0	2	1	15	12	8	NA	0.666666666666667	0	0.611111111111111
"Neelipleona"	8	20	"False"	"wdadn"	4	19	6	9	0	6	9	3	4	0	0.5	0	0	2	1	15	12	8	NA	0.666666666666667	0	0.611111111111111
"Neelipleona"	9	21	"False"	"wdadn"	4	19	3	9	0	6	9	5	6	0	0.833333333333333	0	0	2	1	15	12	10	NA	0.833333333333333	0	0.833333333333333
"Neelipleona"	10	22	"False"	"wdadn"	4	19	3	9	0	6	9	5	6	0	0.833333333333333	0	0	2	1	15	12	10	NA	0.833333333333333	0	0.833333333333333
"Neelipleona"	11	23	"False"	"wdadn"	4	19	6	9	0	6	9	3	4	0	0.5	0	0	2	1	15	12	8	NA	0.666666666666667	0	0.611111111111111
"Neelipleona"	12	24	"False"	"wdadn"	4	19	6	9	0	6	9	3	4	0	0.5	0	0	2	1	15	12	8	NA	0.666666666666667	0	0.611111111111111
"Diplura"	1	13	"False"	"wdadn"	4	12	5	3	0	2	9	2	4	0	1	0	0	5	2	12	1	1	NA	1	0	1
"Diplura"	2	14	"False"	"wdadn"	4	12	5	3	0	2	9	2	4	0	1	0	0	5	2	12	1	1	NA	1	0	1
"Diplura"	3	15	"False"	"wdadn"	4	12	6	3	0	2	9	2	3	0	1	0	0	5	2	12	1	1	NA	1	0	1
"Diplura"	4	16	"False"	"wdadn"	4	12	6	3	0	2	9	2	3	0	1	0	0	5	2	12	1	1	NA	1	0	1
"Diplura"	5	17	"False"	"wdadn"	4	12	6	3	0	2	9	2	3	0	1	0	0	5	2	12	1	1	NA	1	0	1
"Diplura"	6	18	"False"	"wdadn"	4	12	6	3	0	2	9	2	3	0	1	0	0	5	2	12	1	1	NA	1	0	1
"Diplura"	7	19	"False"	"wdadn"	4	12	8	3	0	2	9	1	1	0	0.5	0	0	5	2	12	1	1	NA	1	0	0.666666666666667
"Diplura"	8	20	"False"	"wdadn"	4	12	8	3	0	2	9	1	1	0	0.5	0	0	5	2	12	1	1	NA	1	0	0.666666666666667
"Diplura"	9	21	"False"	"wdadn"	4	12	7	3	0	2	9	1	2	0	0.5	0	0	5	2	12	1	1	NA	1	0	0.666666666666667
"Diplura"	10	22	"False"	"wdadn"	4	12	7	3	0	2	9	1	2	0	0.5	0	0	5	2	12	1	1	NA	1	0	0.666666666666667
"Diplura"	11	23	"False"	"wdadn"	4	12	8	3	0	2	9	1	1	0	0.5	0	0	5	2	12	1	1	NA	1	0	0.666666666666667
"Diplura"	12	24	"False"	"wdadn"	4	12	8	3	0	2	9	1	1	0	0.5	0	0	5	2	12	1	1	NA	1	0	0.666666666666667
"Hexapoda"	1	13	"FALSE"	"wdadn"	4	41511	10119	18162	504	1546	2742	481	756	0.0277502477700694	0.311125485122898	5058	29	2222	1007	2400	1101	270	0.00573349149861605	0.245231607629428	0.0229543496985357	0.283717415942576
"Hexapoda"	2	14	"FALSE"	"wdadn"	4	41511	10236	18162	539	1546	2742	476	752	0.0296773483096575	0.307891332470893	5058	33	2222	1007	2400	1101	269	0.00652431791221827	0.244323342415985	0.0246339362618432	0.28145069890442
"Hexapoda"	3	15	"FALSE"	"wdadn"	4	41511	9988	18162	489	1546	2742	512	796	0.0269243475388173	0.33117723156533	5058	28	2222	1007	2400	1101	268	0.0055357848952155	0.243415077202543	0.0222652885443583	0.294673214960332
"Hexapoda"	4	16	"FALSE"	"wdadn"	4	41511	10139	18162	519	1546	2742	499	788	0.0285761480013214	0.322768434670116	5058	33	2222	1007	2400	1101	267	0.00652431791221827	0.242506811989101	0.0237726098191214	0.289384208537968
"Hexapoda"	5	17	"FALSE"	"wdadn"	4	41511	10007	18162	490	1546	2742	510	794	0.0269794075542341	0.329883570504528	5058	28	2222	1007	2400	1101	268	0.0055357848952155	0.243415077202543	0.0223083548664944	0.29391764261428
"Hexapoda"	6	18	"FALSE"	"wdadn"	4	41511	10159	18162	520	1546	2742	497	786	0.0286312080167382	0.321474773609314	5058	33	2222	1007	2400	1101	267	0.00652431791221827	0.242506811989101	0.0238156761412575	0.288628636191915
"Hexapoda"	7	19	"FALSE"	"wdadn"	4	41511	10527	18162	543	1546	2742	436	694	0.0298975883713247	0.282018111254851	5058	32	2222	1007	2400	1101	260	0.00632661130881771	0.236148955495005	0.0247631352282515	0.262939176426143
"Hexapoda"	8	20	"FALSE"	"wdadn"	4	41511	10652	18162	572	1546	2742	430	689	0.0314943288184121	0.278137128072445	5058	36	2222	1007	2400	1101	258	0.00711743772241993	0.23433242506812	0.0261843238587425	0.259916887041934
"Hexapoda"	9	21	"FALSE"	"wdadn"	4	41511	10196	18162	514	1546	2742	475	747	0.0283008479242374	0.307244501940492	5058	30	2222	1007	2400	1101	270	0.00593119810201661	0.245231607629428	0.0234280792420327	0.28145069890442
"Hexapoda"	10	22	"FALSE"	"wdadn"	4	41511	10305	18162	549	1546	2742	471	744	0.0302279484638256	0.304657179818887	5058	34	2222	1007	2400	1101	269	0.00672202451561882	0.244323342415985	0.0251076658053402	0.27956176803929
"Hexapoda"	11	23	"FALSE"	"wdadn"	4	41511	10461	18162	539	1546	2742	445	705	0.0296773483096575	0.287839586028461	5058	31	2222	1007	2400	1101	260	0.00612890470541716	0.236148955495005	0.0245478036175711	0.266339251983377
"Hexapoda"	12	24	"FALSE"	"wdadn"	4	41511	10585	18162	568	1546	2742	439	700	0.0312740887567449	0.283958602846054	5058	35	2222	1007	2400	1101	258	0.00691973111901938	0.23433242506812	0.025968992248062	0.263316962599169
