"taxon"	"run"	"require_overlap"	"dist_type"	"dist_threshold"	"clusters"	"removed_clusters"	"unique_bins"	"removed_uniques"	"duplicate_bins"	"remaining_dups"	"false_pos"	"false_neg"
"Diptera"	1	FALSE	"dadn"	1	19578	10081	8073	2443	991	212	0.302613650439737	0.213925327951564
"Diptera"	2	FALSE	"dadn"	1.2	19578	9026	8073	1907	991	251	0.236219497089062	0.253279515640767
"Diptera"	3	FALSE	"dadn"	1.5	19578	7710	8073	1352	991	321	0.167471819645733	0.323915237134208
"Diptera"	4	FALSE	"dadn"	1.8	19578	6644	8073	943	991	378	0.116809116809117	0.381432896064581
"Diptera"	5	FALSE	"dadn"	2.1	19578	5698	8073	654	991	451	0.0810107766629506	0.455095862764884
"Diptera"	6	FALSE	"dadn"	2.4	19578	4977	8073	462	991	496	0.0572277963582311	0.50050454086781
"Diptera"	7	FALSE	"wdadn"	0.8	19578	7491	8073	1360	991	325	0.168462777158429	0.32795156407669
"Diptera"	8	FALSE	"wdadn"	0.9	19578	6834	8073	1101	991	359	0.136380527684876	0.36226034308779
"Diptera"	9	FALSE	"wdadn"	1	19578	6243	8073	871	991	391	0.107890499194847	0.394550958627649
"Diptera"	10	FALSE	"wdadn"	1.1	19578	5722	8073	695	991	428	0.0860894339155209	0.43188698284561
"Diptera"	11	FALSE	"wdadn"	1.2	19578	5301	8073	572	991	453	0.07085346215781	0.457114026236125
"Diptera"	12	FALSE	"wdadn"	1.3	19578	4921	8073	456	991	489	0.0564845782237087	0.493440968718466
"Diptera"	13	TRUE	"dadn"	0.4	19578	5085	8073	327	991	348	0.0405053883314753	0.351160443995964
"Diptera"	14	TRUE	"dadn"	0.6	19578	4920	8073	273	991	348	0.0338164251207729	0.351160443995964
"Diptera"	15	TRUE	"dadn"	0.8	19578	4687	8073	238	991	365	0.0294809860027251	0.368314833501514
"Diptera"	16	TRUE	"dadn"	1	19578	4483	8073	195	991	387	0.0241545893719807	0.390514631685166
"Diptera"	17	TRUE	"dadn"	1.2	19578	4258	8073	166	991	415	0.0205623683884553	0.418768920282543
"Diptera"	18	TRUE	"dadn"	1.5	19578	3920	8073	124	991	457	0.015359841446798	0.461150353178607
"Diptera"	19	TRUE	"wdadn"	0.1	19578	5155	8073	364	991	343	0.0450885668276973	0.346115035317861
"Diptera"	20	TRUE	"wdadn"	0.3	19578	4770	8073	272	991	385	0.0336925554316859	0.388496468213925
"Diptera"	21	TRUE	"wdadn"	0.5	19578	4389	8073	195	991	420	0.0241545893719807	0.423814328960646
"Diptera"	22	TRUE	"wdadn"	0.7	19578	4077	8073	141	991	449	0.0174656261612783	0.453077699293643
"Diptera"	23	TRUE	"wdadn"	0.9	19578	3765	8073	113	991	495	0.0139972748668401	0.49949545913219
"Diptera"	24	TRUE	"wdadn"	1.1	19578	3488	8073	90	991	522	0.0111482720178372	0.526740665993946
"Blattodea"	1	FALSE	"dadn"	1	49	38	5	1	2	1	0.2	0.5
"Blattodea"	2	FALSE	"dadn"	1.2	49	35	5	1	2	2	0.2	1
"Blattodea"	3	FALSE	"dadn"	1.5	49	32	5	1	2	2	0.2	1
"Blattodea"	4	FALSE	"dadn"	1.8	49	31	5	1	2	2	0.2	1
"Blattodea"	5	FALSE	"dadn"	2.1	49	29	5	0	2	2	0	1
"Blattodea"	6	FALSE	"dadn"	2.4	49	27	5	0	2	2	0	1
"Blattodea"	7	FALSE	"wdadn"	0.8	49	37	5	1	2	2	0.2	1
"Blattodea"	8	FALSE	"wdadn"	0.9	49	36	5	1	2	2	0.2	1
"Blattodea"	9	FALSE	"wdadn"	1	49	32	5	1	2	2	0.2	1
"Blattodea"	10	FALSE	"wdadn"	1.1	49	31	5	1	2	2	0.2	1
"Blattodea"	11	FALSE	"wdadn"	1.2	49	30	5	1	2	2	0.2	1
"Blattodea"	12	FALSE	"wdadn"	1.3	49	28	5	1	2	2	0.2	1
"Blattodea"	13	TRUE	"dadn"	0.4	49	32	5	1	2	2	0.2	1
"Blattodea"	14	TRUE	"dadn"	0.6	49	32	5	1	2	2	0.2	1
"Blattodea"	15	TRUE	"dadn"	0.8	49	31	5	1	2	2	0.2	1
"Blattodea"	16	TRUE	"dadn"	1	49	29	5	1	2	2	0.2	1
"Blattodea"	17	TRUE	"dadn"	1.2	49	25	5	1	2	2	0.2	1
"Blattodea"	18	TRUE	"dadn"	1.5	49	22	5	1	2	2	0.2	1
"Blattodea"	19	TRUE	"wdadn"	0.1	49	33	5	2	2	2	0.4	1
"Blattodea"	20	TRUE	"wdadn"	0.3	49	32	5	1	2	2	0.2	1
"Blattodea"	21	TRUE	"wdadn"	0.5	49	30	5	1	2	2	0.2	1
"Blattodea"	22	TRUE	"wdadn"	0.7	49	27	5	1	2	2	0.2	1
"Blattodea"	23	TRUE	"wdadn"	0.9	49	26	5	1	2	2	0.2	1
"Blattodea"	24	TRUE	"wdadn"	1.1	49	22	5	1	2	2	0.2	1
"Hymenoptera"	1	FALSE	"dadn"	1	15886	11198	5680	3427	491	49	0.603345070422535	0.09979633401222
"Hymenoptera"	2	FALSE	"dadn"	1.2	15886	10643	5680	3195	491	64	0.5625	0.130346232179226
"Hymenoptera"	3	FALSE	"dadn"	1.5	15886	9568	5680	2728	491	94	0.480281690140845	0.191446028513238
"Hymenoptera"	4	FALSE	"dadn"	1.8	15886	8428	5680	2279	491	130	0.401232394366197	0.264765784114053
"Hymenoptera"	5	FALSE	"dadn"	2.1	15886	7261	5680	1816	491	169	0.319718309859155	0.344195519348269
"Hymenoptera"	6	FALSE	"dadn"	2.4	15886	6124	5680	1408	491	200	0.247887323943662	0.407331975560081
"Hymenoptera"	7	FALSE	"wdadn"	0.8	15886	8964	5680	2409	491	125	0.424119718309859	0.254582484725051
"Hymenoptera"	8	FALSE	"wdadn"	0.9	15886	8293	5680	2148	491	142	0.378169014084507	0.289205702647658
"Hymenoptera"	9	FALSE	"wdadn"	1	15886	7625	5680	1876	491	155	0.330281690140845	0.315682281059063
"Hymenoptera"	10	FALSE	"wdadn"	1.1	15886	7051	5680	1640	491	174	0.288732394366197	0.354378818737271
"Hymenoptera"	11	FALSE	"wdadn"	1.2	15886	6389	5680	1368	491	195	0.240845070422535	0.397148676171079
"Hymenoptera"	12	FALSE	"wdadn"	1.3	15886	5833	5680	1162	491	211	0.204577464788732	0.429735234215886
"Hymenoptera"	13	TRUE	"dadn"	0.4	15886	3659	5680	203	491	220	0.0357394366197183	0.44806517311609
"Hymenoptera"	14	TRUE	"dadn"	0.6	15886	3574	5680	195	491	219	0.034330985915493	0.446028513238289
"Hymenoptera"	15	TRUE	"dadn"	0.8	15886	3442	5680	181	491	224	0.0318661971830986	0.456211812627291
"Hymenoptera"	16	TRUE	"dadn"	1	15886	3312	5680	169	491	230	0.0297535211267606	0.468431771894094
"Hymenoptera"	17	TRUE	"dadn"	1.2	15886	3169	5680	158	491	244	0.0278169014084507	0.496945010183299
"Hymenoptera"	18	TRUE	"dadn"	1.5	15886	2901	5680	138	491	260	0.0242957746478873	0.529531568228106
"Hymenoptera"	19	TRUE	"wdadn"	0.1	15886	3655	5680	202	491	221	0.0355633802816901	0.45010183299389
"Hymenoptera"	20	TRUE	"wdadn"	0.3	15886	3468	5680	185	491	240	0.0325704225352113	0.488798370672098
"Hymenoptera"	21	TRUE	"wdadn"	0.5	15886	3251	5680	162	491	248	0.0285211267605634	0.505091649694501
"Hymenoptera"	22	TRUE	"wdadn"	0.7	15886	3016	5680	136	491	263	0.023943661971831	0.535641547861507
"Hymenoptera"	23	TRUE	"wdadn"	0.9	15886	2793	5680	118	491	275	0.0207746478873239	0.560081466395112
"Hymenoptera"	24	TRUE	"wdadn"	1.1	15886	2542	5680	101	491	293	0.0177816901408451	0.596741344195519
"Orthoptera"	1	FALSE	"dadn"	1	1431	1229	27	8	13	2	0.296296296296296	0.153846153846154
"Orthoptera"	2	FALSE	"dadn"	1.2	1431	1223	27	8	13	4	0.296296296296296	0.307692307692308
"Orthoptera"	3	FALSE	"dadn"	1.5	1431	1210	27	6	13	4	0.222222222222222	0.307692307692308
"Orthoptera"	4	FALSE	"dadn"	1.8	1431	1205	27	6	13	6	0.222222222222222	0.461538461538462
"Orthoptera"	5	FALSE	"dadn"	2.1	1431	1198	27	6	13	8	0.222222222222222	0.615384615384615
"Orthoptera"	6	FALSE	"dadn"	2.4	1431	1195	27	6	13	8	0.222222222222222	0.615384615384615
"Orthoptera"	7	FALSE	"wdadn"	0.8	1431	1220	27	6	13	3	0.222222222222222	0.230769230769231
"Orthoptera"	8	FALSE	"wdadn"	0.9	1431	1215	27	5	13	3	0.185185185185185	0.230769230769231
"Orthoptera"	9	FALSE	"wdadn"	1	1431	1211	27	5	13	5	0.185185185185185	0.384615384615385
"Orthoptera"	10	FALSE	"wdadn"	1.1	1431	1204	27	5	13	6	0.185185185185185	0.461538461538462
"Orthoptera"	11	FALSE	"wdadn"	1.2	1431	1203	27	4	13	6	0.148148148148148	0.461538461538462
"Orthoptera"	12	FALSE	"wdadn"	1.3	1431	1201	27	4	13	6	0.148148148148148	0.461538461538462
"Orthoptera"	13	TRUE	"dadn"	0.4	1431	618	27	6	13	3	0.222222222222222	0.230769230769231
"Orthoptera"	14	TRUE	"dadn"	0.6	1431	614	27	6	13	3	0.222222222222222	0.230769230769231
"Orthoptera"	15	TRUE	"dadn"	0.8	1431	612	27	6	13	3	0.222222222222222	0.230769230769231
"Orthoptera"	16	TRUE	"dadn"	1	1431	608	27	6	13	3	0.222222222222222	0.230769230769231
"Orthoptera"	17	TRUE	"dadn"	1.2	1431	600	27	6	13	5	0.222222222222222	0.384615384615385
"Orthoptera"	18	TRUE	"dadn"	1.5	1431	589	27	5	13	5	0.185185185185185	0.384615384615385
"Orthoptera"	19	TRUE	"wdadn"	0.1	1431	620	27	6	13	3	0.222222222222222	0.230769230769231
"Orthoptera"	20	TRUE	"wdadn"	0.3	1431	615	27	6	13	3	0.222222222222222	0.230769230769231
"Orthoptera"	21	TRUE	"wdadn"	0.5	1431	603	27	5	13	4	0.185185185185185	0.307692307692308
"Orthoptera"	22	TRUE	"wdadn"	0.7	1431	598	27	5	13	4	0.185185185185185	0.307692307692308
"Orthoptera"	23	TRUE	"wdadn"	0.9	1431	592	27	5	13	4	0.185185185185185	0.307692307692308
"Orthoptera"	24	TRUE	"wdadn"	1.1	1431	584	27	5	13	6	0.185185185185185	0.461538461538462
"Coleoptera"	1	FALSE	"dadn"	1	3107	1070	1698	281	233	56	0.165488810365135	0.240343347639485
"Coleoptera"	2	FALSE	"dadn"	1.2	3107	933	1698	189	233	70	0.1113074204947	0.300429184549356
"Coleoptera"	3	FALSE	"dadn"	1.5	3107	759	1698	97	233	85	0.0571260306242638	0.36480686695279
"Coleoptera"	4	FALSE	"dadn"	1.8	3107	644	1698	47	233	94	0.0276796230859835	0.40343347639485
"Coleoptera"	5	FALSE	"dadn"	2.1	3107	558	1698	28	233	116	0.016489988221437	0.497854077253219
"Coleoptera"	6	FALSE	"dadn"	2.4	3107	493	1698	17	233	130	0.0100117785630153	0.55793991416309
"Coleoptera"	7	FALSE	"wdadn"	0.8	3107	827	1698	124	233	83	0.0730270906949352	0.356223175965665
"Coleoptera"	8	FALSE	"wdadn"	0.9	3107	762	1698	83	233	89	0.0488810365135453	0.381974248927039
"Coleoptera"	9	FALSE	"wdadn"	1	3107	700	1698	57	233	96	0.0335689045936396	0.412017167381974
"Coleoptera"	10	FALSE	"wdadn"	1.1	3107	653	1698	45	233	100	0.0265017667844523	0.429184549356223
"Coleoptera"	11	FALSE	"wdadn"	1.2	3107	614	1698	34	233	107	0.0200235571260306	0.459227467811159
"Coleoptera"	12	FALSE	"wdadn"	1.3	3107	584	1698	28	233	113	0.016489988221437	0.484978540772532
"Coleoptera"	13	TRUE	"dadn"	0.4	3107	719	1698	33	233	66	0.019434628975265	0.283261802575107
"Coleoptera"	14	TRUE	"dadn"	0.6	3107	693	1698	27	233	71	0.0159010600706714	0.304721030042918
"Coleoptera"	15	TRUE	"dadn"	0.8	3107	667	1698	24	233	76	0.0141342756183746	0.32618025751073
"Coleoptera"	16	TRUE	"dadn"	1	3107	632	1698	18	233	84	0.0106007067137809	0.360515021459227
"Coleoptera"	17	TRUE	"dadn"	1.2	3107	602	1698	17	233	92	0.0100117785630153	0.394849785407725
"Coleoptera"	18	TRUE	"dadn"	1.5	3107	544	1698	15	233	103	0.0088339222614841	0.44206008583691
"Coleoptera"	19	TRUE	"wdadn"	0.1	3107	736	1698	39	233	66	0.0229681978798587	0.283261802575107
"Coleoptera"	20	TRUE	"wdadn"	0.3	3107	687	1698	26	233	75	0.0153121319199058	0.321888412017167
"Coleoptera"	21	TRUE	"wdadn"	0.5	3107	646	1698	21	233	84	0.0123674911660777	0.360515021459227
"Coleoptera"	22	TRUE	"wdadn"	0.7	3107	606	1698	17	233	94	0.0100117785630153	0.40343347639485
"Coleoptera"	23	TRUE	"wdadn"	0.9	3107	558	1698	14	233	103	0.00824499411071849	0.44206008583691
"Coleoptera"	24	TRUE	"wdadn"	1.1	3107	518	1698	13	233	114	0.00765606595995289	0.489270386266094
"Entomobryomorpha"	1	FALSE	"dadn"	1	976	561	193	11	82	50	0.0569948186528497	0.609756097560976
"Entomobryomorpha"	2	FALSE	"dadn"	1.2	976	543	193	11	82	52	0.0569948186528497	0.634146341463415
"Entomobryomorpha"	3	FALSE	"dadn"	1.5	976	502	193	8	82	56	0.0414507772020725	0.682926829268293
"Entomobryomorpha"	4	FALSE	"dadn"	1.8	976	472	193	7	82	59	0.0362694300518135	0.719512195121951
"Entomobryomorpha"	5	FALSE	"dadn"	2.1	976	445	193	6	82	62	0.0310880829015544	0.75609756097561
"Entomobryomorpha"	6	FALSE	"dadn"	2.4	976	409	193	4	82	66	0.0207253886010363	0.804878048780488
"Entomobryomorpha"	7	FALSE	"wdadn"	0.8	976	516	193	7	82	54	0.0362694300518135	0.658536585365854
"Entomobryomorpha"	8	FALSE	"wdadn"	0.9	976	503	193	8	82	55	0.0414507772020725	0.670731707317073
"Entomobryomorpha"	9	FALSE	"wdadn"	1	976	489	193	9	82	58	0.0466321243523316	0.707317073170732
"Entomobryomorpha"	10	FALSE	"wdadn"	1.1	976	471	193	8	82	59	0.0414507772020725	0.719512195121951
"Entomobryomorpha"	11	FALSE	"wdadn"	1.2	976	460	193	8	82	60	0.0414507772020725	0.731707317073171
"Entomobryomorpha"	12	FALSE	"wdadn"	1.3	976	446	193	5	82	60	0.0259067357512953	0.731707317073171
"Entomobryomorpha"	13	TRUE	"dadn"	0.4	976	465	193	10	82	43	0.0518134715025907	0.524390243902439
"Entomobryomorpha"	14	TRUE	"dadn"	0.6	976	441	193	9	82	44	0.0466321243523316	0.536585365853659
"Entomobryomorpha"	15	TRUE	"dadn"	0.8	976	416	193	9	82	51	0.0466321243523316	0.621951219512195
"Entomobryomorpha"	16	TRUE	"dadn"	1	976	388	193	8	82	57	0.0414507772020725	0.695121951219512
"Entomobryomorpha"	17	TRUE	"dadn"	1.2	976	361	193	9	82	58	0.0466321243523316	0.707317073170732
"Entomobryomorpha"	18	TRUE	"dadn"	1.5	976	322	193	6	82	61	0.0310880829015544	0.74390243902439
"Entomobryomorpha"	19	TRUE	"wdadn"	0.1	976	473	193	14	82	44	0.0725388601036269	0.536585365853659
"Entomobryomorpha"	20	TRUE	"wdadn"	0.3	976	440	193	8	82	45	0.0414507772020725	0.548780487804878
"Entomobryomorpha"	21	TRUE	"wdadn"	0.5	976	399	193	7	82	55	0.0362694300518135	0.670731707317073
"Entomobryomorpha"	22	TRUE	"wdadn"	0.7	976	365	193	6	82	58	0.0310880829015544	0.707317073170732
"Entomobryomorpha"	23	TRUE	"wdadn"	0.9	976	334	193	6	82	61	0.0310880829015544	0.74390243902439
"Entomobryomorpha"	24	TRUE	"wdadn"	1.1	976	299	193	6	82	64	0.0310880829015544	0.780487804878049
"Hemiptera"	1	FALSE	"dadn"	1	2142	764	878	210	116	30	0.239179954441913	0.258620689655172
"Hemiptera"	2	FALSE	"dadn"	1.2	2142	665	878	157	116	36	0.17881548974943	0.310344827586207
"Hemiptera"	3	FALSE	"dadn"	1.5	2142	543	878	96	116	41	0.109339407744875	0.353448275862069
"Hemiptera"	4	FALSE	"dadn"	1.8	2142	450	878	57	116	51	0.0649202733485194	0.439655172413793
"Hemiptera"	5	FALSE	"dadn"	2.1	2142	382	878	36	116	58	0.041002277904328	0.5
"Hemiptera"	6	FALSE	"dadn"	2.4	2142	332	878	26	116	66	0.0296127562642369	0.568965517241379
"Hemiptera"	7	FALSE	"wdadn"	0.8	2142	560	878	109	116	45	0.124145785876993	0.387931034482759
"Hemiptera"	8	FALSE	"wdadn"	0.9	2142	509	878	80	116	46	0.0911161731207289	0.396551724137931
"Hemiptera"	9	FALSE	"wdadn"	1	2142	446	878	61	116	51	0.0694760820045558	0.439655172413793
"Hemiptera"	10	FALSE	"wdadn"	1.1	2142	423	878	47	116	54	0.0535307517084282	0.46551724137931
"Hemiptera"	11	FALSE	"wdadn"	1.2	2142	392	878	39	116	57	0.0444191343963554	0.491379310344828
"Hemiptera"	12	FALSE	"wdadn"	1.3	2142	371	878	30	116	59	0.0341685649202733	0.508620689655172
"Hemiptera"	13	TRUE	"dadn"	0.4	2142	508	878	33	116	34	0.0375854214123007	0.293103448275862
"Hemiptera"	14	TRUE	"dadn"	0.6	2142	494	878	29	116	36	0.0330296127562642	0.310344827586207
"Hemiptera"	15	TRUE	"dadn"	0.8	2142	462	878	26	116	40	0.0296127562642369	0.344827586206897
"Hemiptera"	16	TRUE	"dadn"	1	2142	430	878	22	116	46	0.0250569476082005	0.396551724137931
"Hemiptera"	17	TRUE	"dadn"	1.2	2142	394	878	18	116	49	0.020501138952164	0.422413793103448
"Hemiptera"	18	TRUE	"dadn"	1.5	2142	330	878	13	116	54	0.0148063781321185	0.46551724137931
"Hemiptera"	19	TRUE	"wdadn"	0.1	2142	511	878	36	116	34	0.041002277904328	0.293103448275862
"Hemiptera"	20	TRUE	"wdadn"	0.3	2142	475	878	29	116	42	0.0330296127562642	0.362068965517241
"Hemiptera"	21	TRUE	"wdadn"	0.5	2142	429	878	22	116	46	0.0250569476082005	0.396551724137931
"Hemiptera"	22	TRUE	"wdadn"	0.7	2142	385	878	17	116	51	0.0193621867881549	0.439655172413793
"Hemiptera"	23	TRUE	"wdadn"	0.9	2142	347	878	15	116	55	0.0170842824601367	0.474137931034483
"Hemiptera"	24	TRUE	"wdadn"	1.1	2142	300	878	12	116	62	0.0136674259681093	0.53448275862069
"Lepidoptera"	1	FALSE	"dadn"	1	1968	837	1587	587	47	4	0.369880277252678	0.0851063829787234
"Lepidoptera"	2	FALSE	"dadn"	1.2	1968	703	1587	461	47	6	0.290485192186515	0.127659574468085
"Lepidoptera"	3	FALSE	"dadn"	1.5	1968	529	1587	297	47	9	0.187145557655955	0.191489361702128
"Lepidoptera"	4	FALSE	"dadn"	1.8	1968	406	1587	191	47	11	0.120352867044739	0.234042553191489
"Lepidoptera"	5	FALSE	"dadn"	2.1	1968	304	1587	106	47	13	0.0667926906112161	0.276595744680851
"Lepidoptera"	6	FALSE	"dadn"	2.4	1968	251	1587	70	47	15	0.0441083805923125	0.319148936170213
"Lepidoptera"	7	FALSE	"wdadn"	0.8	1968	558	1587	332	47	8	0.209199747952111	0.170212765957447
"Lepidoptera"	8	FALSE	"wdadn"	0.9	1968	473	1587	258	47	8	0.162570888468809	0.170212765957447
"Lepidoptera"	9	FALSE	"wdadn"	1	1968	410	1587	205	47	10	0.129174543163201	0.212765957446809
"Lepidoptera"	10	FALSE	"wdadn"	1.1	1968	356	1587	156	47	11	0.0982986767485822	0.234042553191489
"Lepidoptera"	11	FALSE	"wdadn"	1.2	1968	314	1587	123	47	13	0.0775047258979206	0.276595744680851
"Lepidoptera"	12	FALSE	"wdadn"	1.3	1968	278	1587	95	47	14	0.0598613736609956	0.297872340425532
"Lepidoptera"	13	TRUE	"dadn"	0.4	1968	233	1587	44	47	14	0.0277252678008822	0.297872340425532
"Lepidoptera"	14	TRUE	"dadn"	0.6	1968	224	1587	35	47	14	0.0220541902961563	0.297872340425532
"Lepidoptera"	15	TRUE	"dadn"	0.8	1968	219	1587	32	47	15	0.0201638311279143	0.319148936170213
"Lepidoptera"	16	TRUE	"dadn"	1	1968	206	1587	24	47	16	0.0151228733459357	0.340425531914894
"Lepidoptera"	17	TRUE	"dadn"	1.2	1968	199	1587	20	47	17	0.0126023944549464	0.361702127659574
"Lepidoptera"	18	TRUE	"dadn"	1.5	1968	186	1587	13	47	20	0.00819155639571519	0.425531914893617
"Lepidoptera"	19	TRUE	"wdadn"	0.1	1968	244	1587	55	47	14	0.0346565847511027	0.297872340425532
"Lepidoptera"	20	TRUE	"wdadn"	0.3	1968	219	1587	35	47	16	0.0220541902961563	0.340425531914894
"Lepidoptera"	21	TRUE	"wdadn"	0.5	1968	202	1587	26	47	18	0.0163831127914304	0.382978723404255
"Lepidoptera"	22	TRUE	"wdadn"	0.7	1968	188	1587	17	47	19	0.0107120352867045	0.404255319148936
"Lepidoptera"	23	TRUE	"wdadn"	0.9	1968	174	1587	10	47	20	0.00630119722747322	0.425531914893617
"Lepidoptera"	24	TRUE	"wdadn"	1.1	1968	162	1587	8	47	22	0.00504095778197858	0.468085106382979
"Dermaptera"	1	FALSE	"dadn"	1	9	2	5	0	0	0	0	NA
"Dermaptera"	2	FALSE	"dadn"	1.2	9	1	5	0	0	0	0	NA
"Dermaptera"	3	FALSE	"dadn"	1.5	9	1	5	0	0	0	0	NA
"Dermaptera"	4	FALSE	"dadn"	1.8	9	1	5	0	0	0	0	NA
"Dermaptera"	5	FALSE	"dadn"	2.1	9	0	5	0	0	0	0	NA
"Dermaptera"	6	FALSE	"dadn"	2.4	9	0	5	0	0	0	0	NA
"Dermaptera"	7	FALSE	"wdadn"	0.8	9	1	5	0	0	0	0	NA
"Dermaptera"	8	FALSE	"wdadn"	0.9	9	1	5	0	0	0	0	NA
"Dermaptera"	9	FALSE	"wdadn"	1	9	1	5	0	0	0	0	NA
"Dermaptera"	10	FALSE	"wdadn"	1.1	9	1	5	0	0	0	0	NA
"Dermaptera"	11	FALSE	"wdadn"	1.2	9	1	5	0	0	0	0	NA
"Dermaptera"	12	FALSE	"wdadn"	1.3	9	1	5	0	0	0	0	NA
"Dermaptera"	13	TRUE	"dadn"	0.4	9	2	5	1	0	0	0.2	NA
"Dermaptera"	14	TRUE	"dadn"	0.6	9	1	5	0	0	0	0	NA
"Dermaptera"	15	TRUE	"dadn"	0.8	9	0	5	0	0	0	0	NA
"Dermaptera"	16	TRUE	"dadn"	1	9	0	5	0	0	0	0	NA
"Dermaptera"	17	TRUE	"dadn"	1.2	9	0	5	0	0	0	0	NA
"Dermaptera"	18	TRUE	"dadn"	1.5	9	0	5	0	0	0	0	NA
"Dermaptera"	19	TRUE	"wdadn"	0.1	9	2	5	1	0	0	0.2	NA
"Dermaptera"	20	TRUE	"wdadn"	0.3	9	0	5	0	0	0	0	NA
"Dermaptera"	21	TRUE	"wdadn"	0.5	9	0	5	0	0	0	0	NA
"Dermaptera"	22	TRUE	"wdadn"	0.7	9	0	5	0	0	0	0	NA
"Dermaptera"	23	TRUE	"wdadn"	0.9	9	0	5	0	0	0	0	NA
"Dermaptera"	24	TRUE	"wdadn"	1.1	9	0	5	0	0	0	0	NA
"Plecoptera"	1	FALSE	"dadn"	1	64	22	38	2	9	2	0.0526315789473684	0.222222222222222
"Plecoptera"	2	FALSE	"dadn"	1.2	64	20	38	2	9	3	0.0526315789473684	0.333333333333333
"Plecoptera"	3	FALSE	"dadn"	1.5	64	18	38	2	9	3	0.0526315789473684	0.333333333333333
"Plecoptera"	4	FALSE	"dadn"	1.8	64	17	38	2	9	4	0.0526315789473684	0.444444444444444
"Plecoptera"	5	FALSE	"dadn"	2.1	64	15	38	1	9	4	0.0263157894736842	0.444444444444444
"Plecoptera"	6	FALSE	"dadn"	2.4	64	12	38	1	9	5	0.0263157894736842	0.555555555555556
"Plecoptera"	7	FALSE	"wdadn"	0.8	64	19	38	2	9	3	0.0526315789473684	0.333333333333333
"Plecoptera"	8	FALSE	"wdadn"	0.9	64	17	38	2	9	5	0.0526315789473684	0.555555555555556
"Plecoptera"	9	FALSE	"wdadn"	1	64	16	38	1	9	5	0.0263157894736842	0.555555555555556
"Plecoptera"	10	FALSE	"wdadn"	1.1	64	16	38	1	9	5	0.0263157894736842	0.555555555555556
"Plecoptera"	11	FALSE	"wdadn"	1.2	64	16	38	1	9	5	0.0263157894736842	0.555555555555556
"Plecoptera"	12	FALSE	"wdadn"	1.3	64	13	38	1	9	5	0.0263157894736842	0.555555555555556
"Plecoptera"	13	TRUE	"dadn"	0.4	64	21	38	2	9	2	0.0526315789473684	0.222222222222222
"Plecoptera"	14	TRUE	"dadn"	0.6	64	20	38	2	9	3	0.0526315789473684	0.333333333333333
"Plecoptera"	15	TRUE	"dadn"	0.8	64	20	38	2	9	3	0.0526315789473684	0.333333333333333
"Plecoptera"	16	TRUE	"dadn"	1	64	20	38	2	9	3	0.0526315789473684	0.333333333333333
"Plecoptera"	17	TRUE	"dadn"	1.2	64	18	38	2	9	4	0.0526315789473684	0.444444444444444
"Plecoptera"	18	TRUE	"dadn"	1.5	64	17	38	2	9	4	0.0526315789473684	0.444444444444444
"Plecoptera"	19	TRUE	"wdadn"	0.1	64	22	38	3	9	2	0.0789473684210526	0.222222222222222
"Plecoptera"	20	TRUE	"wdadn"	0.3	64	20	38	2	9	2	0.0526315789473684	0.222222222222222
"Plecoptera"	21	TRUE	"wdadn"	0.5	64	19	38	2	9	3	0.0526315789473684	0.333333333333333
"Plecoptera"	22	TRUE	"wdadn"	0.7	64	18	38	2	9	4	0.0526315789473684	0.444444444444444
"Plecoptera"	23	TRUE	"wdadn"	0.9	64	15	38	2	9	6	0.0526315789473684	0.666666666666667
"Plecoptera"	24	TRUE	"wdadn"	1.1	64	13	38	1	9	6	0.0263157894736842	0.666666666666667
"Psocodea"	1	FALSE	"dadn"	1	131	47	67	4	15	8	0.0597014925373134	0.533333333333333
"Psocodea"	2	FALSE	"dadn"	1.2	131	45	67	3	15	10	0.0447761194029851	0.666666666666667
"Psocodea"	3	FALSE	"dadn"	1.5	131	41	67	3	15	11	0.0447761194029851	0.733333333333333
"Psocodea"	4	FALSE	"dadn"	1.8	131	37	67	2	15	12	0.0298507462686567	0.8
"Psocodea"	5	FALSE	"dadn"	2.1	131	35	67	1	15	12	0.0149253731343284	0.8
"Psocodea"	6	FALSE	"dadn"	2.4	131	35	67	1	15	12	0.0149253731343284	0.8
"Psocodea"	7	FALSE	"wdadn"	0.8	131	40	67	1	15	10	0.0149253731343284	0.666666666666667
"Psocodea"	8	FALSE	"wdadn"	0.9	131	40	67	1	15	10	0.0149253731343284	0.666666666666667
"Psocodea"	9	FALSE	"wdadn"	1	131	37	67	1	15	11	0.0149253731343284	0.733333333333333
"Psocodea"	10	FALSE	"wdadn"	1.1	131	36	67	1	15	11	0.0149253731343284	0.733333333333333
"Psocodea"	11	FALSE	"wdadn"	1.2	131	34	67	1	15	13	0.0149253731343284	0.866666666666667
"Psocodea"	12	FALSE	"wdadn"	1.3	131	32	67	1	15	13	0.0149253731343284	0.866666666666667
"Psocodea"	13	TRUE	"dadn"	0.4	131	26	67	2	15	10	0.0298507462686567	0.666666666666667
"Psocodea"	14	TRUE	"dadn"	0.6	131	26	67	2	15	10	0.0298507462686567	0.666666666666667
"Psocodea"	15	TRUE	"dadn"	0.8	131	24	67	1	15	11	0.0149253731343284	0.733333333333333
"Psocodea"	16	TRUE	"dadn"	1	131	21	67	1	15	12	0.0149253731343284	0.8
"Psocodea"	17	TRUE	"dadn"	1.2	131	20	67	1	15	12	0.0149253731343284	0.8
"Psocodea"	18	TRUE	"dadn"	1.5	131	15	67	1	15	12	0.0149253731343284	0.8
"Psocodea"	19	TRUE	"wdadn"	0.1	131	24	67	2	15	11	0.0298507462686567	0.733333333333333
"Psocodea"	20	TRUE	"wdadn"	0.3	131	21	67	1	15	11	0.0149253731343284	0.733333333333333
"Psocodea"	21	TRUE	"wdadn"	0.5	131	18	67	0	15	12	0	0.8
"Psocodea"	22	TRUE	"wdadn"	0.7	131	16	67	0	15	13	0	0.866666666666667
"Psocodea"	23	TRUE	"wdadn"	0.9	131	13	67	0	15	13	0	0.866666666666667
"Psocodea"	24	TRUE	"wdadn"	1.1	131	10	67	0	15	13	0	0.866666666666667
"Symphypleona"	1	FALSE	"dadn"	1	239	111	70	7	24	11	0.1	0.458333333333333
"Symphypleona"	2	FALSE	"dadn"	1.2	239	103	70	7	24	11	0.1	0.458333333333333
"Symphypleona"	3	FALSE	"dadn"	1.5	239	90	70	5	24	13	0.0714285714285714	0.541666666666667
"Symphypleona"	4	FALSE	"dadn"	1.8	239	80	70	4	24	16	0.0571428571428571	0.666666666666667
"Symphypleona"	5	FALSE	"dadn"	2.1	239	71	70	3	24	18	0.0428571428571429	0.75
"Symphypleona"	6	FALSE	"dadn"	2.4	239	65	70	3	24	19	0.0428571428571429	0.791666666666667
"Symphypleona"	7	FALSE	"wdadn"	0.8	239	86	70	5	24	17	0.0714285714285714	0.708333333333333
"Symphypleona"	8	FALSE	"wdadn"	0.9	239	82	70	5	24	18	0.0714285714285714	0.75
"Symphypleona"	9	FALSE	"wdadn"	1	239	77	70	4	24	18	0.0571428571428571	0.75
"Symphypleona"	10	FALSE	"wdadn"	1.1	239	74	70	4	24	19	0.0571428571428571	0.791666666666667
"Symphypleona"	11	FALSE	"wdadn"	1.2	239	72	70	4	24	19	0.0571428571428571	0.791666666666667
"Symphypleona"	12	FALSE	"wdadn"	1.3	239	68	70	3	24	19	0.0428571428571429	0.791666666666667
"Symphypleona"	13	TRUE	"dadn"	0.4	239	88	70	6	24	14	0.0857142857142857	0.583333333333333
"Symphypleona"	14	TRUE	"dadn"	0.6	239	86	70	6	24	15	0.0857142857142857	0.625
"Symphypleona"	15	TRUE	"dadn"	0.8	239	75	70	4	24	18	0.0571428571428571	0.75
"Symphypleona"	16	TRUE	"dadn"	1	239	71	70	3	24	18	0.0428571428571429	0.75
"Symphypleona"	17	TRUE	"dadn"	1.2	239	60	70	3	24	18	0.0428571428571429	0.75
"Symphypleona"	18	TRUE	"dadn"	1.5	239	53	70	1	24	18	0.0142857142857143	0.75
"Symphypleona"	19	TRUE	"wdadn"	0.1	239	91	70	8	24	13	0.114285714285714	0.541666666666667
"Symphypleona"	20	TRUE	"wdadn"	0.3	239	83	70	5	24	15	0.0714285714285714	0.625
"Symphypleona"	21	TRUE	"wdadn"	0.5	239	72	70	3	24	17	0.0428571428571429	0.708333333333333
"Symphypleona"	22	TRUE	"wdadn"	0.7	239	60	70	1	24	19	0.0142857142857143	0.791666666666667
"Symphypleona"	23	TRUE	"wdadn"	0.9	239	51	70	1	24	21	0.0142857142857143	0.875
"Symphypleona"	24	TRUE	"wdadn"	1.1	239	47	70	1	24	21	0.0142857142857143	0.875
"Trichoptera"	1	FALSE	"dadn"	1	470	61	157	10	5	1	0.0636942675159236	0.2
"Trichoptera"	2	FALSE	"dadn"	1.2	470	48	157	8	5	1	0.0509554140127389	0.2
"Trichoptera"	3	FALSE	"dadn"	1.5	470	34	157	3	5	2	0.0191082802547771	0.4
"Trichoptera"	4	FALSE	"dadn"	1.8	470	27	157	1	5	2	0.00636942675159236	0.4
"Trichoptera"	5	FALSE	"dadn"	2.1	470	25	157	1	5	2	0.00636942675159236	0.4
"Trichoptera"	6	FALSE	"dadn"	2.4	470	19	157	1	5	3	0.00636942675159236	0.6
"Trichoptera"	7	FALSE	"wdadn"	0.8	470	39	157	3	5	1	0.0191082802547771	0.2
"Trichoptera"	8	FALSE	"wdadn"	0.9	470	34	157	2	5	2	0.0127388535031847	0.4
"Trichoptera"	9	FALSE	"wdadn"	1	470	29	157	1	5	3	0.00636942675159236	0.6
"Trichoptera"	10	FALSE	"wdadn"	1.1	470	24	157	1	5	3	0.00636942675159236	0.6
"Trichoptera"	11	FALSE	"wdadn"	1.2	470	23	157	1	5	3	0.00636942675159236	0.6
"Trichoptera"	12	FALSE	"wdadn"	1.3	470	22	157	1	5	3	0.00636942675159236	0.6
"Trichoptera"	13	TRUE	"dadn"	0.4	470	31	157	2	5	1	0.0127388535031847	0.2
"Trichoptera"	14	TRUE	"dadn"	0.6	470	29	157	2	5	2	0.0127388535031847	0.4
"Trichoptera"	15	TRUE	"dadn"	0.8	470	28	157	2	5	2	0.0127388535031847	0.4
"Trichoptera"	16	TRUE	"dadn"	1	470	27	157	2	5	2	0.0127388535031847	0.4
"Trichoptera"	17	TRUE	"dadn"	1.2	470	23	157	2	5	2	0.0127388535031847	0.4
"Trichoptera"	18	TRUE	"dadn"	1.5	470	19	157	2	5	3	0.0127388535031847	0.6
"Trichoptera"	19	TRUE	"wdadn"	0.1	470	32	157	2	5	1	0.0127388535031847	0.2
"Trichoptera"	20	TRUE	"wdadn"	0.3	470	28	157	2	5	2	0.0127388535031847	0.4
"Trichoptera"	21	TRUE	"wdadn"	0.5	470	26	157	2	5	2	0.0127388535031847	0.4
"Trichoptera"	22	TRUE	"wdadn"	0.7	470	22	157	2	5	2	0.0127388535031847	0.4
"Trichoptera"	23	TRUE	"wdadn"	0.9	470	19	157	2	5	3	0.0127388535031847	0.6
"Trichoptera"	24	TRUE	"wdadn"	1.1	470	17	157	2	5	3	0.0127388535031847	0.6
"Mecoptera"	1	FALSE	"dadn"	1	10	3	5	0	0	0	0	NA
"Mecoptera"	2	FALSE	"dadn"	1.2	10	3	5	0	0	0	0	NA
"Mecoptera"	3	FALSE	"dadn"	1.5	10	3	5	0	0	0	0	NA
"Mecoptera"	4	FALSE	"dadn"	1.8	10	2	5	0	0	0	0	NA
"Mecoptera"	5	FALSE	"dadn"	2.1	10	1	5	0	0	0	0	NA
"Mecoptera"	6	FALSE	"dadn"	2.4	10	1	5	0	0	0	0	NA
"Mecoptera"	7	FALSE	"wdadn"	0.8	10	2	5	0	0	0	0	NA
"Mecoptera"	8	FALSE	"wdadn"	0.9	10	2	5	0	0	0	0	NA
"Mecoptera"	9	FALSE	"wdadn"	1	10	2	5	0	0	0	0	NA
"Mecoptera"	10	FALSE	"wdadn"	1.1	10	2	5	0	0	0	0	NA
"Mecoptera"	11	FALSE	"wdadn"	1.2	10	2	5	0	0	0	0	NA
"Mecoptera"	12	FALSE	"wdadn"	1.3	10	2	5	0	0	0	0	NA
"Mecoptera"	13	TRUE	"dadn"	0.4	10	3	5	0	0	0	0	NA
"Mecoptera"	14	TRUE	"dadn"	0.6	10	3	5	0	0	0	0	NA
"Mecoptera"	15	TRUE	"dadn"	0.8	10	3	5	0	0	0	0	NA
"Mecoptera"	16	TRUE	"dadn"	1	10	3	5	0	0	0	0	NA
"Mecoptera"	17	TRUE	"dadn"	1.2	10	3	5	0	0	0	0	NA
"Mecoptera"	18	TRUE	"dadn"	1.5	10	3	5	0	0	0	0	NA
"Mecoptera"	19	TRUE	"wdadn"	0.1	10	3	5	0	0	0	0	NA
"Mecoptera"	20	TRUE	"wdadn"	0.3	10	3	5	0	0	0	0	NA
"Mecoptera"	21	TRUE	"wdadn"	0.5	10	2	5	0	0	0	0	NA
"Mecoptera"	22	TRUE	"wdadn"	0.7	10	2	5	0	0	0	0	NA
"Mecoptera"	23	TRUE	"wdadn"	0.9	10	2	5	0	0	0	0	NA
"Mecoptera"	24	TRUE	"wdadn"	1.1	10	2	5	0	0	0	0	NA
"Raphidioptera"	1	FALSE	"dadn"	1	5	0	3	0	0	0	0	NA
"Raphidioptera"	2	FALSE	"dadn"	1.2	5	0	3	0	0	0	0	NA
"Raphidioptera"	3	FALSE	"dadn"	1.5	5	0	3	0	0	0	0	NA
"Raphidioptera"	4	FALSE	"dadn"	1.8	5	0	3	0	0	0	0	NA
"Raphidioptera"	5	FALSE	"dadn"	2.1	5	0	3	0	0	0	0	NA
"Raphidioptera"	6	FALSE	"dadn"	2.4	5	0	3	0	0	0	0	NA
"Raphidioptera"	7	FALSE	"wdadn"	0.8	5	0	3	0	0	0	0	NA
"Raphidioptera"	8	FALSE	"wdadn"	0.9	5	0	3	0	0	0	0	NA
"Raphidioptera"	9	FALSE	"wdadn"	1	5	0	3	0	0	0	0	NA
"Raphidioptera"	10	FALSE	"wdadn"	1.1	5	0	3	0	0	0	0	NA
"Raphidioptera"	11	FALSE	"wdadn"	1.2	5	0	3	0	0	0	0	NA
"Raphidioptera"	12	FALSE	"wdadn"	1.3	5	0	3	0	0	0	0	NA
"Raphidioptera"	13	TRUE	"dadn"	0.4	5	0	3	0	0	0	0	NA
"Raphidioptera"	14	TRUE	"dadn"	0.6	5	0	3	0	0	0	0	NA
"Raphidioptera"	15	TRUE	"dadn"	0.8	5	0	3	0	0	0	0	NA
"Raphidioptera"	16	TRUE	"dadn"	1	5	0	3	0	0	0	0	NA
"Raphidioptera"	17	TRUE	"dadn"	1.2	5	0	3	0	0	0	0	NA
"Raphidioptera"	18	TRUE	"dadn"	1.5	5	0	3	0	0	0	0	NA
"Raphidioptera"	19	TRUE	"wdadn"	0.1	5	0	3	0	0	0	0	NA
"Raphidioptera"	20	TRUE	"wdadn"	0.3	5	0	3	0	0	0	0	NA
"Raphidioptera"	21	TRUE	"wdadn"	0.5	5	0	3	0	0	0	0	NA
"Raphidioptera"	22	TRUE	"wdadn"	0.7	5	0	3	0	0	0	0	NA
"Raphidioptera"	23	TRUE	"wdadn"	0.9	5	0	3	0	0	0	0	NA
"Raphidioptera"	24	TRUE	"wdadn"	1.1	5	0	3	0	0	0	0	NA
"Thysanoptera"	1	FALSE	"dadn"	1	80	18	57	10	3	1	0.175438596491228	0.333333333333333
"Thysanoptera"	2	FALSE	"dadn"	1.2	80	16	57	9	3	1	0.157894736842105	0.333333333333333
"Thysanoptera"	3	FALSE	"dadn"	1.5	80	10	57	6	3	1	0.105263157894737	0.333333333333333
"Thysanoptera"	4	FALSE	"dadn"	1.8	80	8	57	5	3	1	0.087719298245614	0.333333333333333
"Thysanoptera"	5	FALSE	"dadn"	2.1	80	6	57	3	3	1	0.0526315789473684	0.333333333333333
"Thysanoptera"	6	FALSE	"dadn"	2.4	80	6	57	3	3	1	0.0526315789473684	0.333333333333333
"Thysanoptera"	7	FALSE	"wdadn"	0.8	80	9	57	5	3	1	0.087719298245614	0.333333333333333
"Thysanoptera"	8	FALSE	"wdadn"	0.9	80	7	57	4	3	1	0.0701754385964912	0.333333333333333
"Thysanoptera"	9	FALSE	"wdadn"	1	80	4	57	2	3	1	0.0350877192982456	0.333333333333333
"Thysanoptera"	10	FALSE	"wdadn"	1.1	80	4	57	2	3	1	0.0350877192982456	0.333333333333333
"Thysanoptera"	11	FALSE	"wdadn"	1.2	80	4	57	2	3	1	0.0350877192982456	0.333333333333333
"Thysanoptera"	12	FALSE	"wdadn"	1.3	80	4	57	2	3	1	0.0350877192982456	0.333333333333333
"Thysanoptera"	13	TRUE	"dadn"	0.4	80	3	57	1	3	2	0.0175438596491228	0.666666666666667
"Thysanoptera"	14	TRUE	"dadn"	0.6	80	2	57	1	3	2	0.0175438596491228	0.666666666666667
"Thysanoptera"	15	TRUE	"dadn"	0.8	80	2	57	1	3	2	0.0175438596491228	0.666666666666667
"Thysanoptera"	16	TRUE	"dadn"	1	80	2	57	1	3	2	0.0175438596491228	0.666666666666667
"Thysanoptera"	17	TRUE	"dadn"	1.2	80	2	57	1	3	2	0.0175438596491228	0.666666666666667
"Thysanoptera"	18	TRUE	"dadn"	1.5	80	2	57	1	3	2	0.0175438596491228	0.666666666666667
"Thysanoptera"	19	TRUE	"wdadn"	0.1	80	3	57	1	3	2	0.0175438596491228	0.666666666666667
"Thysanoptera"	20	TRUE	"wdadn"	0.3	80	2	57	1	3	2	0.0175438596491228	0.666666666666667
"Thysanoptera"	21	TRUE	"wdadn"	0.5	80	2	57	1	3	2	0.0175438596491228	0.666666666666667
"Thysanoptera"	22	TRUE	"wdadn"	0.7	80	2	57	1	3	2	0.0175438596491228	0.666666666666667
"Thysanoptera"	23	TRUE	"wdadn"	0.9	80	1	57	0	3	2	0	0.666666666666667
"Thysanoptera"	24	TRUE	"wdadn"	1.1	80	1	57	0	3	2	0	0.666666666666667
"Psocoptera"	1	FALSE	"dadn"	1	26	4	0	0	0	0	NA	NA
"Psocoptera"	2	FALSE	"dadn"	1.2	26	2	0	0	0	0	NA	NA
"Psocoptera"	3	FALSE	"dadn"	1.5	26	2	0	0	0	0	NA	NA
"Psocoptera"	4	FALSE	"dadn"	1.8	26	2	0	0	0	0	NA	NA
"Psocoptera"	5	FALSE	"dadn"	2.1	26	2	0	0	0	0	NA	NA
"Psocoptera"	6	FALSE	"dadn"	2.4	26	1	0	0	0	0	NA	NA
"Psocoptera"	7	FALSE	"wdadn"	0.8	26	1	0	0	0	0	NA	NA
"Psocoptera"	8	FALSE	"wdadn"	0.9	26	1	0	0	0	0	NA	NA
"Psocoptera"	9	FALSE	"wdadn"	1	26	1	0	0	0	0	NA	NA
"Psocoptera"	10	FALSE	"wdadn"	1.1	26	1	0	0	0	0	NA	NA
"Psocoptera"	11	FALSE	"wdadn"	1.2	26	1	0	0	0	0	NA	NA
"Psocoptera"	12	FALSE	"wdadn"	1.3	26	1	0	0	0	0	NA	NA
"Psocoptera"	13	TRUE	"dadn"	0.4	26	1	0	0	0	0	NA	NA
"Psocoptera"	14	TRUE	"dadn"	0.6	26	1	0	0	0	0	NA	NA
"Psocoptera"	15	TRUE	"dadn"	0.8	26	1	0	0	0	0	NA	NA
"Psocoptera"	16	TRUE	"dadn"	1	26	1	0	0	0	0	NA	NA
"Psocoptera"	17	TRUE	"dadn"	1.2	26	1	0	0	0	0	NA	NA
"Psocoptera"	18	TRUE	"dadn"	1.5	26	1	0	0	0	0	NA	NA
"Psocoptera"	19	TRUE	"wdadn"	0.1	26	1	0	0	0	0	NA	NA
"Psocoptera"	20	TRUE	"wdadn"	0.3	26	1	0	0	0	0	NA	NA
"Psocoptera"	21	TRUE	"wdadn"	0.5	26	0	0	0	0	0	NA	NA
"Psocoptera"	22	TRUE	"wdadn"	0.7	26	0	0	0	0	0	NA	NA
"Psocoptera"	23	TRUE	"wdadn"	0.9	26	0	0	0	0	0	NA	NA
"Psocoptera"	24	TRUE	"wdadn"	1.1	26	0	0	0	0	0	NA	NA
"Neuroptera"	1	FALSE	"dadn"	1	159	24	58	1	4	0	0.0172413793103448	0
"Neuroptera"	2	FALSE	"dadn"	1.2	159	21	58	1	4	1	0.0172413793103448	0.25
"Neuroptera"	3	FALSE	"dadn"	1.5	159	20	58	1	4	1	0.0172413793103448	0.25
"Neuroptera"	4	FALSE	"dadn"	1.8	159	19	58	1	4	1	0.0172413793103448	0.25
"Neuroptera"	5	FALSE	"dadn"	2.1	159	14	58	0	4	1	0	0.25
"Neuroptera"	6	FALSE	"dadn"	2.4	159	12	58	0	4	1	0	0.25
"Neuroptera"	7	FALSE	"wdadn"	0.8	159	22	58	1	4	1	0.0172413793103448	0.25
"Neuroptera"	8	FALSE	"wdadn"	0.9	159	19	58	1	4	1	0.0172413793103448	0.25
"Neuroptera"	9	FALSE	"wdadn"	1	159	18	58	1	4	1	0.0172413793103448	0.25
"Neuroptera"	10	FALSE	"wdadn"	1.1	159	17	58	1	4	1	0.0172413793103448	0.25
"Neuroptera"	11	FALSE	"wdadn"	1.2	159	16	58	1	4	1	0.0172413793103448	0.25
"Neuroptera"	12	FALSE	"wdadn"	1.3	159	15	58	0	4	1	0	0.25
"Neuroptera"	13	TRUE	"dadn"	0.4	159	20	58	1	4	0	0.0172413793103448	0
"Neuroptera"	14	TRUE	"dadn"	0.6	159	19	58	1	4	0	0.0172413793103448	0
"Neuroptera"	15	TRUE	"dadn"	0.8	159	17	58	1	4	0	0.0172413793103448	0
"Neuroptera"	16	TRUE	"dadn"	1	159	14	58	1	4	0	0.0172413793103448	0
"Neuroptera"	17	TRUE	"dadn"	1.2	159	12	58	1	4	1	0.0172413793103448	0.25
"Neuroptera"	18	TRUE	"dadn"	1.5	159	12	58	1	4	1	0.0172413793103448	0.25
"Neuroptera"	19	TRUE	"wdadn"	0.1	159	21	58	2	4	0	0.0344827586206897	0
"Neuroptera"	20	TRUE	"wdadn"	0.3	159	18	58	1	4	0	0.0172413793103448	0
"Neuroptera"	21	TRUE	"wdadn"	0.5	159	14	58	1	4	1	0.0172413793103448	0.25
"Neuroptera"	22	TRUE	"wdadn"	0.7	159	13	58	1	4	1	0.0172413793103448	0.25
"Neuroptera"	23	TRUE	"wdadn"	0.9	159	10	58	1	4	1	0.0172413793103448	0.25
"Neuroptera"	24	TRUE	"wdadn"	1.1	159	9	58	1	4	1	0.0172413793103448	0.25
"Ephemeroptera"	1	FALSE	"dadn"	1	51	3	39	1	2	0	0.0256410256410256	0
"Ephemeroptera"	2	FALSE	"dadn"	1.2	51	3	39	1	2	0	0.0256410256410256	0
"Ephemeroptera"	3	FALSE	"dadn"	1.5	51	3	39	1	2	0	0.0256410256410256	0
"Ephemeroptera"	4	FALSE	"dadn"	1.8	51	2	39	0	2	0	0	0
"Ephemeroptera"	5	FALSE	"dadn"	2.1	51	2	39	0	2	0	0	0
"Ephemeroptera"	6	FALSE	"dadn"	2.4	51	1	39	0	2	1	0	0.5
"Ephemeroptera"	7	FALSE	"wdadn"	0.8	51	3	39	1	2	0	0.0256410256410256	0
"Ephemeroptera"	8	FALSE	"wdadn"	0.9	51	3	39	1	2	0	0.0256410256410256	0
"Ephemeroptera"	9	FALSE	"wdadn"	1	51	3	39	1	2	0	0.0256410256410256	0
"Ephemeroptera"	10	FALSE	"wdadn"	1.1	51	3	39	1	2	0	0.0256410256410256	0
"Ephemeroptera"	11	FALSE	"wdadn"	1.2	51	3	39	1	2	0	0.0256410256410256	0
"Ephemeroptera"	12	FALSE	"wdadn"	1.3	51	3	39	1	2	0	0.0256410256410256	0
"Ephemeroptera"	13	TRUE	"dadn"	0.4	51	3	39	1	2	0	0.0256410256410256	0
"Ephemeroptera"	14	TRUE	"dadn"	0.6	51	3	39	1	2	0	0.0256410256410256	0
"Ephemeroptera"	15	TRUE	"dadn"	0.8	51	3	39	1	2	0	0.0256410256410256	0
"Ephemeroptera"	16	TRUE	"dadn"	1	51	3	39	1	2	0	0.0256410256410256	0
"Ephemeroptera"	17	TRUE	"dadn"	1.2	51	3	39	1	2	0	0.0256410256410256	0
"Ephemeroptera"	18	TRUE	"dadn"	1.5	51	3	39	1	2	0	0.0256410256410256	0
"Ephemeroptera"	19	TRUE	"wdadn"	0.1	51	3	39	1	2	0	0.0256410256410256	0
"Ephemeroptera"	20	TRUE	"wdadn"	0.3	51	3	39	1	2	0	0.0256410256410256	0
"Ephemeroptera"	21	TRUE	"wdadn"	0.5	51	3	39	1	2	0	0.0256410256410256	0
"Ephemeroptera"	22	TRUE	"wdadn"	0.7	51	3	39	1	2	0	0.0256410256410256	0
"Ephemeroptera"	23	TRUE	"wdadn"	0.9	51	3	39	1	2	0	0.0256410256410256	0
"Ephemeroptera"	24	TRUE	"wdadn"	1.1	51	3	39	1	2	0	0.0256410256410256	0
"Odonata"	1	FALSE	"dadn"	1	136	21	20	1	3	2	0.05	0.666666666666667
"Odonata"	2	FALSE	"dadn"	1.2	136	19	20	1	3	3	0.05	1
"Odonata"	3	FALSE	"dadn"	1.5	136	18	20	1	3	3	0.05	1
"Odonata"	4	FALSE	"dadn"	1.8	136	14	20	0	3	3	0	1
"Odonata"	5	FALSE	"dadn"	2.1	136	13	20	0	3	3	0	1
"Odonata"	6	FALSE	"dadn"	2.4	136	10	20	0	3	3	0	1
"Odonata"	7	FALSE	"wdadn"	0.8	136	18	20	1	3	2	0.05	0.666666666666667
"Odonata"	8	FALSE	"wdadn"	0.9	136	16	20	1	3	2	0.05	0.666666666666667
"Odonata"	9	FALSE	"wdadn"	1	136	14	20	1	3	2	0.05	0.666666666666667
"Odonata"	10	FALSE	"wdadn"	1.1	136	13	20	1	3	3	0.05	1
"Odonata"	11	FALSE	"wdadn"	1.2	136	12	20	1	3	3	0.05	1
"Odonata"	12	FALSE	"wdadn"	1.3	136	10	20	1	3	3	0.05	1
"Odonata"	13	TRUE	"dadn"	0.4	136	15	20	1	3	2	0.05	0.666666666666667
"Odonata"	14	TRUE	"dadn"	0.6	136	15	20	1	3	2	0.05	0.666666666666667
"Odonata"	15	TRUE	"dadn"	0.8	136	15	20	1	3	2	0.05	0.666666666666667
"Odonata"	16	TRUE	"dadn"	1	136	13	20	1	3	2	0.05	0.666666666666667
"Odonata"	17	TRUE	"dadn"	1.2	136	12	20	1	3	3	0.05	1
"Odonata"	18	TRUE	"dadn"	1.5	136	12	20	1	3	3	0.05	1
"Odonata"	19	TRUE	"wdadn"	0.1	136	15	20	1	3	2	0.05	0.666666666666667
"Odonata"	20	TRUE	"wdadn"	0.3	136	15	20	1	3	2	0.05	0.666666666666667
"Odonata"	21	TRUE	"wdadn"	0.5	136	15	20	1	3	2	0.05	0.666666666666667
"Odonata"	22	TRUE	"wdadn"	0.7	136	14	20	1	3	2	0.05	0.666666666666667
"Odonata"	23	TRUE	"wdadn"	0.9	136	13	20	1	3	2	0.05	0.666666666666667
"Odonata"	24	TRUE	"wdadn"	1.1	136	10	20	1	3	3	0.05	1
"Megaloptera"	1	FALSE	"dadn"	1	4	2	1	0	1	0	0	0
"Megaloptera"	2	FALSE	"dadn"	1.2	4	2	1	0	1	0	0	0
"Megaloptera"	3	FALSE	"dadn"	1.5	4	2	1	0	1	0	0	0
"Megaloptera"	4	FALSE	"dadn"	1.8	4	2	1	0	1	0	0	0
"Megaloptera"	5	FALSE	"dadn"	2.1	4	2	1	0	1	0	0	0
"Megaloptera"	6	FALSE	"dadn"	2.4	4	2	1	0	1	0	0	0
"Megaloptera"	7	FALSE	"wdadn"	0.8	4	2	1	0	1	0	0	0
"Megaloptera"	8	FALSE	"wdadn"	0.9	4	2	1	0	1	0	0	0
"Megaloptera"	9	FALSE	"wdadn"	1	4	2	1	0	1	0	0	0
"Megaloptera"	10	FALSE	"wdadn"	1.1	4	2	1	0	1	0	0	0
"Megaloptera"	11	FALSE	"wdadn"	1.2	4	2	1	0	1	0	0	0
"Megaloptera"	12	FALSE	"wdadn"	1.3	4	2	1	0	1	0	0	0
"Megaloptera"	13	TRUE	"dadn"	0.4	4	2	1	0	1	0	0	0
"Megaloptera"	14	TRUE	"dadn"	0.6	4	2	1	0	1	0	0	0
"Megaloptera"	15	TRUE	"dadn"	0.8	4	2	1	0	1	0	0	0
"Megaloptera"	16	TRUE	"dadn"	1	4	2	1	0	1	0	0	0
"Megaloptera"	17	TRUE	"dadn"	1.2	4	2	1	0	1	0	0	0
"Megaloptera"	18	TRUE	"dadn"	1.5	4	2	1	0	1	0	0	0
"Megaloptera"	19	TRUE	"wdadn"	0.1	4	2	1	0	1	0	0	0
"Megaloptera"	20	TRUE	"wdadn"	0.3	4	2	1	0	1	0	0	0
"Megaloptera"	21	TRUE	"wdadn"	0.5	4	2	1	0	1	0	0	0
"Megaloptera"	22	TRUE	"wdadn"	0.7	4	2	1	0	1	0	0	0
"Megaloptera"	23	TRUE	"wdadn"	0.9	4	2	1	0	1	0	0	0
"Megaloptera"	24	TRUE	"wdadn"	1.1	4	2	1	0	1	0	0	0
"Poduromorpha"	1	FALSE	"dadn"	1	432	225	86	3	40	26	0.0348837209302326	0.65
"Poduromorpha"	2	FALSE	"dadn"	1.2	432	210	86	3	40	29	0.0348837209302326	0.725
"Poduromorpha"	3	FALSE	"dadn"	1.5	432	183	86	1	40	32	0.0116279069767442	0.8
"Poduromorpha"	4	FALSE	"dadn"	1.8	432	165	86	1	40	34	0.0116279069767442	0.85
"Poduromorpha"	5	FALSE	"dadn"	2.1	432	154	86	1	40	35	0.0116279069767442	0.875
"Poduromorpha"	6	FALSE	"dadn"	2.4	432	138	86	1	40	36	0.0116279069767442	0.9
"Poduromorpha"	7	FALSE	"wdadn"	0.8	432	208	86	1	40	28	0.0116279069767442	0.7
"Poduromorpha"	8	FALSE	"wdadn"	0.9	432	198	86	1	40	30	0.0116279069767442	0.75
"Poduromorpha"	9	FALSE	"wdadn"	1	432	183	86	1	40	31	0.0116279069767442	0.775
"Poduromorpha"	10	FALSE	"wdadn"	1.1	432	173	86	1	40	33	0.0116279069767442	0.825
"Poduromorpha"	11	FALSE	"wdadn"	1.2	432	167	86	1	40	33	0.0116279069767442	0.825
"Poduromorpha"	12	FALSE	"wdadn"	1.3	432	157	86	1	40	33	0.0116279069767442	0.825
"Poduromorpha"	13	TRUE	"dadn"	0.4	432	200	86	4	40	21	0.0465116279069767	0.525
"Poduromorpha"	14	TRUE	"dadn"	0.6	432	185	86	4	40	25	0.0465116279069767	0.625
"Poduromorpha"	15	TRUE	"dadn"	0.8	432	173	86	4	40	28	0.0465116279069767	0.7
"Poduromorpha"	16	TRUE	"dadn"	1	432	165	86	2	40	29	0.0232558139534884	0.725
"Poduromorpha"	17	TRUE	"dadn"	1.2	432	154	86	2	40	31	0.0232558139534884	0.775
"Poduromorpha"	18	TRUE	"dadn"	1.5	432	129	86	1	40	33	0.0116279069767442	0.825
"Poduromorpha"	19	TRUE	"wdadn"	0.1	432	200	86	4	40	20	0.0465116279069767	0.5
"Poduromorpha"	20	TRUE	"wdadn"	0.3	432	182	86	3	40	27	0.0348837209302326	0.675
"Poduromorpha"	21	TRUE	"wdadn"	0.5	432	170	86	1	40	28	0.0116279069767442	0.7
"Poduromorpha"	22	TRUE	"wdadn"	0.7	432	147	86	1	40	32	0.0116279069767442	0.8
"Poduromorpha"	23	TRUE	"wdadn"	0.9	432	136	86	1	40	32	0.0116279069767442	0.8
"Poduromorpha"	24	TRUE	"wdadn"	1.1	432	120	86	1	40	34	0.0116279069767442	0.85
"Strepsiptera"	1	FALSE	"dadn"	1	8	5	7	4	0	0	0.571428571428571	NA
"Strepsiptera"	2	FALSE	"dadn"	1.2	8	4	7	3	0	0	0.428571428571429	NA
"Strepsiptera"	3	FALSE	"dadn"	1.5	8	3	7	3	0	0	0.428571428571429	NA
"Strepsiptera"	4	FALSE	"dadn"	1.8	8	2	7	2	0	0	0.285714285714286	NA
"Strepsiptera"	5	FALSE	"dadn"	2.1	8	2	7	2	0	0	0.285714285714286	NA
"Strepsiptera"	6	FALSE	"dadn"	2.4	8	2	7	2	0	0	0.285714285714286	NA
"Strepsiptera"	7	FALSE	"wdadn"	0.8	8	2	7	2	0	0	0.285714285714286	NA
"Strepsiptera"	8	FALSE	"wdadn"	0.9	8	2	7	2	0	0	0.285714285714286	NA
"Strepsiptera"	9	FALSE	"wdadn"	1	8	2	7	2	0	0	0.285714285714286	NA
"Strepsiptera"	10	FALSE	"wdadn"	1.1	8	2	7	2	0	0	0.285714285714286	NA
"Strepsiptera"	11	FALSE	"wdadn"	1.2	8	2	7	2	0	0	0.285714285714286	NA
"Strepsiptera"	12	FALSE	"wdadn"	1.3	8	2	7	2	0	0	0.285714285714286	NA
"Strepsiptera"	13	TRUE	"dadn"	0.4	8	0	7	0	0	0	0	NA
"Strepsiptera"	14	TRUE	"dadn"	0.6	8	0	7	0	0	0	0	NA
"Strepsiptera"	15	TRUE	"dadn"	0.8	8	0	7	0	0	0	0	NA
"Strepsiptera"	16	TRUE	"dadn"	1	8	0	7	0	0	0	0	NA
"Strepsiptera"	17	TRUE	"dadn"	1.2	8	0	7	0	0	0	0	NA
"Strepsiptera"	18	TRUE	"dadn"	1.5	8	0	7	0	0	0	0	NA
"Strepsiptera"	19	TRUE	"wdadn"	0.1	8	0	7	0	0	0	0	NA
"Strepsiptera"	20	TRUE	"wdadn"	0.3	8	0	7	0	0	0	0	NA
"Strepsiptera"	21	TRUE	"wdadn"	0.5	8	0	7	0	0	0	0	NA
"Strepsiptera"	22	TRUE	"wdadn"	0.7	8	0	7	0	0	0	0	NA
"Strepsiptera"	23	TRUE	"wdadn"	0.9	8	0	7	0	0	0	0	NA
"Strepsiptera"	24	TRUE	"wdadn"	1.1	8	0	7	0	0	0	0	NA
"Siphonaptera"	1	FALSE	"dadn"	1	13	1	3	0	0	0	0	NA
"Siphonaptera"	2	FALSE	"dadn"	1.2	13	1	3	0	0	0	0	NA
"Siphonaptera"	3	FALSE	"dadn"	1.5	13	1	3	0	0	0	0	NA
"Siphonaptera"	4	FALSE	"dadn"	1.8	13	1	3	0	0	0	0	NA
"Siphonaptera"	5	FALSE	"dadn"	2.1	13	1	3	0	0	0	0	NA
"Siphonaptera"	6	FALSE	"dadn"	2.4	13	0	3	0	0	0	0	NA
"Siphonaptera"	7	FALSE	"wdadn"	0.8	13	1	3	0	0	0	0	NA
"Siphonaptera"	8	FALSE	"wdadn"	0.9	13	1	3	0	0	0	0	NA
"Siphonaptera"	9	FALSE	"wdadn"	1	13	1	3	0	0	0	0	NA
"Siphonaptera"	10	FALSE	"wdadn"	1.1	13	1	3	0	0	0	0	NA
"Siphonaptera"	11	FALSE	"wdadn"	1.2	13	1	3	0	0	0	0	NA
"Siphonaptera"	12	FALSE	"wdadn"	1.3	13	1	3	0	0	0	0	NA
"Siphonaptera"	13	TRUE	"dadn"	0.4	13	1	3	0	0	0	0	NA
"Siphonaptera"	14	TRUE	"dadn"	0.6	13	1	3	0	0	0	0	NA
"Siphonaptera"	15	TRUE	"dadn"	0.8	13	1	3	0	0	0	0	NA
"Siphonaptera"	16	TRUE	"dadn"	1	13	1	3	0	0	0	0	NA
"Siphonaptera"	17	TRUE	"dadn"	1.2	13	1	3	0	0	0	0	NA
"Siphonaptera"	18	TRUE	"dadn"	1.5	13	0	3	0	0	0	0	NA
"Siphonaptera"	19	TRUE	"wdadn"	0.1	13	1	3	0	0	0	0	NA
"Siphonaptera"	20	TRUE	"wdadn"	0.3	13	1	3	0	0	0	0	NA
"Siphonaptera"	21	TRUE	"wdadn"	0.5	13	1	3	0	0	0	0	NA
"Siphonaptera"	22	TRUE	"wdadn"	0.7	13	1	3	0	0	0	0	NA
"Siphonaptera"	23	TRUE	"wdadn"	0.9	13	1	3	0	0	0	0	NA
"Siphonaptera"	24	TRUE	"wdadn"	1.1	13	1	3	0	0	0	0	NA
"Zygentoma"	1	FALSE	"dadn"	1	14	7	1	0	1	1	0	1
"Zygentoma"	2	FALSE	"dadn"	1.2	14	6	1	0	1	1	0	1
"Zygentoma"	3	FALSE	"dadn"	1.5	14	4	1	0	1	1	0	1
"Zygentoma"	4	FALSE	"dadn"	1.8	14	4	1	0	1	1	0	1
"Zygentoma"	5	FALSE	"dadn"	2.1	14	2	1	0	1	1	0	1
"Zygentoma"	6	FALSE	"dadn"	2.4	14	3	1	0	1	1	0	1
"Zygentoma"	7	FALSE	"wdadn"	0.8	14	6	1	0	1	1	0	1
"Zygentoma"	8	FALSE	"wdadn"	0.9	14	6	1	0	1	1	0	1
"Zygentoma"	9	FALSE	"wdadn"	1	14	6	1	0	1	1	0	1
"Zygentoma"	10	FALSE	"wdadn"	1.1	14	5	1	0	1	1	0	1
"Zygentoma"	11	FALSE	"wdadn"	1.2	14	4	1	0	1	1	0	1
"Zygentoma"	12	FALSE	"wdadn"	1.3	14	4	1	0	1	1	0	1
"Zygentoma"	13	TRUE	"dadn"	0.4	14	6	1	0	1	1	0	1
"Zygentoma"	14	TRUE	"dadn"	0.6	14	6	1	0	1	1	0	1
"Zygentoma"	15	TRUE	"dadn"	0.8	14	6	1	0	1	1	0	1
"Zygentoma"	16	TRUE	"dadn"	1	14	6	1	0	1	1	0	1
"Zygentoma"	17	TRUE	"dadn"	1.2	14	5	1	0	1	1	0	1
"Zygentoma"	18	TRUE	"dadn"	1.5	14	4	1	0	1	1	0	1
"Zygentoma"	19	TRUE	"wdadn"	0.1	14	6	1	0	1	1	0	1
"Zygentoma"	20	TRUE	"wdadn"	0.3	14	6	1	0	1	1	0	1
"Zygentoma"	21	TRUE	"wdadn"	0.5	14	5	1	0	1	1	0	1
"Zygentoma"	22	TRUE	"wdadn"	0.7	14	5	1	0	1	1	0	1
"Zygentoma"	23	TRUE	"wdadn"	0.9	14	5	1	0	1	1	0	1
"Zygentoma"	24	TRUE	"wdadn"	1.1	14	4	1	0	1	1	0	1
"Neelipleona"	1	FALSE	"dadn"	1	22	3	9	0	7	7	0	1
"Neelipleona"	2	FALSE	"dadn"	1.2	22	2	9	0	7	7	0	1
"Neelipleona"	3	FALSE	"dadn"	1.5	22	0	9	0	7	7	0	1
"Neelipleona"	4	FALSE	"dadn"	1.8	22	0	9	0	7	7	0	1
"Neelipleona"	5	FALSE	"dadn"	2.1	22	0	9	0	7	7	0	1
"Neelipleona"	6	FALSE	"dadn"	2.4	22	0	9	0	7	7	0	1
"Neelipleona"	7	FALSE	"wdadn"	0.8	22	1	9	0	7	6	0	0.857142857142857
"Neelipleona"	8	FALSE	"wdadn"	0.9	22	0	9	0	7	7	0	1
"Neelipleona"	9	FALSE	"wdadn"	1	22	0	9	0	7	7	0	1
"Neelipleona"	10	FALSE	"wdadn"	1.1	22	0	9	0	7	7	0	1
"Neelipleona"	11	FALSE	"wdadn"	1.2	22	0	9	0	7	7	0	1
"Neelipleona"	12	FALSE	"wdadn"	1.3	22	0	9	0	7	7	0	1
"Neelipleona"	13	TRUE	"dadn"	0.4	22	4	9	0	7	5	0	0.714285714285714
"Neelipleona"	14	TRUE	"dadn"	0.6	22	2	9	0	7	6	0	0.857142857142857
"Neelipleona"	15	TRUE	"dadn"	0.8	22	1	9	0	7	7	0	1
"Neelipleona"	16	TRUE	"dadn"	1	22	1	9	0	7	7	0	1
"Neelipleona"	17	TRUE	"dadn"	1.2	22	0	9	0	7	7	0	1
"Neelipleona"	18	TRUE	"dadn"	1.5	22	0	9	0	7	7	0	1
"Neelipleona"	19	TRUE	"wdadn"	0.1	22	6	9	0	7	4	0	0.571428571428571
"Neelipleona"	20	TRUE	"wdadn"	0.3	22	3	9	0	7	5	0	0.714285714285714
"Neelipleona"	21	TRUE	"wdadn"	0.5	22	2	9	0	7	6	0	0.857142857142857
"Neelipleona"	22	TRUE	"wdadn"	0.7	22	1	9	0	7	6	0	0.857142857142857
"Neelipleona"	23	TRUE	"wdadn"	0.9	22	0	9	0	7	7	0	1
"Neelipleona"	24	TRUE	"wdadn"	1.1	22	0	9	0	7	7	0	1
"Zoraptera"	1	FALSE	"dadn"	1	7	0	0	0	0	0	NA	NA
"Zoraptera"	2	FALSE	"dadn"	1.2	7	0	0	0	0	0	NA	NA
"Zoraptera"	3	FALSE	"dadn"	1.5	7	0	0	0	0	0	NA	NA
"Zoraptera"	4	FALSE	"dadn"	1.8	7	0	0	0	0	0	NA	NA
"Zoraptera"	5	FALSE	"dadn"	2.1	7	0	0	0	0	0	NA	NA
"Zoraptera"	6	FALSE	"dadn"	2.4	7	0	0	0	0	0	NA	NA
"Zoraptera"	7	FALSE	"wdadn"	0.8	7	0	0	0	0	0	NA	NA
"Zoraptera"	8	FALSE	"wdadn"	0.9	7	0	0	0	0	0	NA	NA
"Zoraptera"	9	FALSE	"wdadn"	1	7	0	0	0	0	0	NA	NA
"Zoraptera"	10	FALSE	"wdadn"	1.1	7	0	0	0	0	0	NA	NA
"Zoraptera"	11	FALSE	"wdadn"	1.2	7	0	0	0	0	0	NA	NA
"Zoraptera"	12	FALSE	"wdadn"	1.3	7	0	0	0	0	0	NA	NA
"Zoraptera"	13	TRUE	"dadn"	0.4	7	0	0	0	0	0	NA	NA
"Zoraptera"	14	TRUE	"dadn"	0.6	7	0	0	0	0	0	NA	NA
"Zoraptera"	15	TRUE	"dadn"	0.8	7	0	0	0	0	0	NA	NA
"Zoraptera"	16	TRUE	"dadn"	1	7	0	0	0	0	0	NA	NA
"Zoraptera"	17	TRUE	"dadn"	1.2	7	0	0	0	0	0	NA	NA
"Zoraptera"	18	TRUE	"dadn"	1.5	7	0	0	0	0	0	NA	NA
"Zoraptera"	19	TRUE	"wdadn"	0.1	7	0	0	0	0	0	NA	NA
"Zoraptera"	20	TRUE	"wdadn"	0.3	7	0	0	0	0	0	NA	NA
"Zoraptera"	21	TRUE	"wdadn"	0.5	7	0	0	0	0	0	NA	NA
"Zoraptera"	22	TRUE	"wdadn"	0.7	7	0	0	0	0	0	NA	NA
"Zoraptera"	23	TRUE	"wdadn"	0.9	7	0	0	0	0	0	NA	NA
"Zoraptera"	24	TRUE	"wdadn"	1.1	7	0	0	0	0	0	NA	NA
"Phthiraptera"	1	FALSE	"dadn"	1	3	0	0	0	0	0	NA	NA
"Phthiraptera"	2	FALSE	"dadn"	1.2	3	0	0	0	0	0	NA	NA
"Phthiraptera"	3	FALSE	"dadn"	1.5	3	0	0	0	0	0	NA	NA
"Phthiraptera"	4	FALSE	"dadn"	1.8	3	0	0	0	0	0	NA	NA
"Phthiraptera"	5	FALSE	"dadn"	2.1	3	0	0	0	0	0	NA	NA
"Phthiraptera"	6	FALSE	"dadn"	2.4	3	0	0	0	0	0	NA	NA
"Phthiraptera"	7	FALSE	"wdadn"	0.8	3	0	0	0	0	0	NA	NA
"Phthiraptera"	8	FALSE	"wdadn"	0.9	3	0	0	0	0	0	NA	NA
"Phthiraptera"	9	FALSE	"wdadn"	1	3	0	0	0	0	0	NA	NA
"Phthiraptera"	10	FALSE	"wdadn"	1.1	3	0	0	0	0	0	NA	NA
"Phthiraptera"	11	FALSE	"wdadn"	1.2	3	0	0	0	0	0	NA	NA
"Phthiraptera"	12	FALSE	"wdadn"	1.3	3	0	0	0	0	0	NA	NA
"Phthiraptera"	13	TRUE	"dadn"	0.4	3	0	0	0	0	0	NA	NA
"Phthiraptera"	14	TRUE	"dadn"	0.6	3	0	0	0	0	0	NA	NA
"Phthiraptera"	15	TRUE	"dadn"	0.8	3	0	0	0	0	0	NA	NA
"Phthiraptera"	16	TRUE	"dadn"	1	3	0	0	0	0	0	NA	NA
"Phthiraptera"	17	TRUE	"dadn"	1.2	3	0	0	0	0	0	NA	NA
"Phthiraptera"	18	TRUE	"dadn"	1.5	3	0	0	0	0	0	NA	NA
"Phthiraptera"	19	TRUE	"wdadn"	0.1	3	0	0	0	0	0	NA	NA
"Phthiraptera"	20	TRUE	"wdadn"	0.3	3	0	0	0	0	0	NA	NA
"Phthiraptera"	21	TRUE	"wdadn"	0.5	3	0	0	0	0	0	NA	NA
"Phthiraptera"	22	TRUE	"wdadn"	0.7	3	0	0	0	0	0	NA	NA
"Phthiraptera"	23	TRUE	"wdadn"	0.9	3	0	0	0	0	0	NA	NA
"Phthiraptera"	24	TRUE	"wdadn"	1.1	3	0	0	0	0	0	NA	NA
"Diplura"	1	FALSE	"dadn"	1	12	3	3	0	2	2	0	1
"Diplura"	2	FALSE	"dadn"	1.2	12	2	3	0	2	2	0	1
"Diplura"	3	FALSE	"dadn"	1.5	12	1	3	0	2	2	0	1
"Diplura"	4	FALSE	"dadn"	1.8	12	1	3	0	2	2	0	1
"Diplura"	5	FALSE	"dadn"	2.1	12	1	3	0	2	2	0	1
"Diplura"	6	FALSE	"dadn"	2.4	12	1	3	0	2	2	0	1
"Diplura"	7	FALSE	"wdadn"	0.8	12	3	3	0	2	2	0	1
"Diplura"	8	FALSE	"wdadn"	0.9	12	3	3	0	2	2	0	1
"Diplura"	9	FALSE	"wdadn"	1	12	3	3	0	2	2	0	1
"Diplura"	10	FALSE	"wdadn"	1.1	12	3	3	0	2	2	0	1
"Diplura"	11	FALSE	"wdadn"	1.2	12	2	3	0	2	2	0	1
"Diplura"	12	FALSE	"wdadn"	1.3	12	1	3	0	2	2	0	1
"Diplura"	13	TRUE	"dadn"	0.4	12	5	3	0	2	2	0	1
"Diplura"	14	TRUE	"dadn"	0.6	12	4	3	0	2	2	0	1
"Diplura"	15	TRUE	"dadn"	0.8	12	3	3	0	2	2	0	1
"Diplura"	16	TRUE	"dadn"	1	12	2	3	0	2	2	0	1
"Diplura"	17	TRUE	"dadn"	1.2	12	2	3	0	2	2	0	1
"Diplura"	18	TRUE	"dadn"	1.5	12	1	3	0	2	2	0	1
"Diplura"	19	TRUE	"wdadn"	0.1	12	6	3	0	2	2	0	1
"Diplura"	20	TRUE	"wdadn"	0.3	12	6	3	0	2	2	0	1
"Diplura"	21	TRUE	"wdadn"	0.5	12	4	3	0	2	2	0	1
"Diplura"	22	TRUE	"wdadn"	0.7	12	3	3	0	2	2	0	1
"Diplura"	23	TRUE	"wdadn"	0.9	12	3	3	0	2	2	0	1
"Diplura"	24	TRUE	"wdadn"	1.1	12	2	3	0	2	2	0	1
"Archaeognatha"	1	FALSE	"dadn"	1	11	9	0	0	0	0	NA	NA
"Archaeognatha"	2	FALSE	"dadn"	1.2	11	9	0	0	0	0	NA	NA
"Archaeognatha"	3	FALSE	"dadn"	1.5	11	8	0	0	0	0	NA	NA
"Archaeognatha"	4	FALSE	"dadn"	1.8	11	7	0	0	0	0	NA	NA
"Archaeognatha"	5	FALSE	"dadn"	2.1	11	7	0	0	0	0	NA	NA
"Archaeognatha"	6	FALSE	"dadn"	2.4	11	7	0	0	0	0	NA	NA
"Archaeognatha"	7	FALSE	"wdadn"	0.8	11	9	0	0	0	0	NA	NA
"Archaeognatha"	8	FALSE	"wdadn"	0.9	11	9	0	0	0	0	NA	NA
"Archaeognatha"	9	FALSE	"wdadn"	1	11	8	0	0	0	0	NA	NA
"Archaeognatha"	10	FALSE	"wdadn"	1.1	11	8	0	0	0	0	NA	NA
"Archaeognatha"	11	FALSE	"wdadn"	1.2	11	8	0	0	0	0	NA	NA
"Archaeognatha"	12	FALSE	"wdadn"	1.3	11	7	0	0	0	0	NA	NA
"Archaeognatha"	13	TRUE	"dadn"	0.4	11	10	0	0	0	0	NA	NA
"Archaeognatha"	14	TRUE	"dadn"	0.6	11	10	0	0	0	0	NA	NA
"Archaeognatha"	15	TRUE	"dadn"	0.8	11	9	0	0	0	0	NA	NA
"Archaeognatha"	16	TRUE	"dadn"	1	11	9	0	0	0	0	NA	NA
"Archaeognatha"	17	TRUE	"dadn"	1.2	11	9	0	0	0	0	NA	NA
"Archaeognatha"	18	TRUE	"dadn"	1.5	11	8	0	0	0	0	NA	NA
"Archaeognatha"	19	TRUE	"wdadn"	0.1	11	10	0	0	0	0	NA	NA
"Archaeognatha"	20	TRUE	"wdadn"	0.3	11	9	0	0	0	0	NA	NA
"Archaeognatha"	21	TRUE	"wdadn"	0.5	11	9	0	0	0	0	NA	NA
"Archaeognatha"	22	TRUE	"wdadn"	0.7	11	9	0	0	0	0	NA	NA
"Archaeognatha"	23	TRUE	"wdadn"	0.9	11	9	0	0	0	0	NA	NA
"Archaeognatha"	24	TRUE	"wdadn"	1.1	11	8	0	0	0	0	NA	NA
"Phasmatodea"	1	FALSE	"dadn"	1	1	0	0	0	0	0	NA	NA
"Phasmatodea"	2	FALSE	"dadn"	1.2	1	0	0	0	0	0	NA	NA
"Phasmatodea"	3	FALSE	"dadn"	1.5	1	0	0	0	0	0	NA	NA
"Phasmatodea"	4	FALSE	"dadn"	1.8	1	0	0	0	0	0	NA	NA
"Phasmatodea"	5	FALSE	"dadn"	2.1	1	0	0	0	0	0	NA	NA
"Phasmatodea"	6	FALSE	"dadn"	2.4	1	0	0	0	0	0	NA	NA
"Phasmatodea"	7	FALSE	"wdadn"	0.8	1	0	0	0	0	0	NA	NA
"Phasmatodea"	8	FALSE	"wdadn"	0.9	1	0	0	0	0	0	NA	NA
"Phasmatodea"	9	FALSE	"wdadn"	1	1	0	0	0	0	0	NA	NA
"Phasmatodea"	10	FALSE	"wdadn"	1.1	1	0	0	0	0	0	NA	NA
"Phasmatodea"	11	FALSE	"wdadn"	1.2	1	0	0	0	0	0	NA	NA
"Phasmatodea"	12	FALSE	"wdadn"	1.3	1	0	0	0	0	0	NA	NA
"Phasmatodea"	13	TRUE	"dadn"	0.4	1	0	0	0	0	0	NA	NA
"Phasmatodea"	14	TRUE	"dadn"	0.6	1	0	0	0	0	0	NA	NA
"Phasmatodea"	15	TRUE	"dadn"	0.8	1	0	0	0	0	0	NA	NA
"Phasmatodea"	16	TRUE	"dadn"	1	1	0	0	0	0	0	NA	NA
"Phasmatodea"	17	TRUE	"dadn"	1.2	1	0	0	0	0	0	NA	NA
"Phasmatodea"	18	TRUE	"dadn"	1.5	1	0	0	0	0	0	NA	NA
"Phasmatodea"	19	TRUE	"wdadn"	0.1	1	0	0	0	0	0	NA	NA
"Phasmatodea"	20	TRUE	"wdadn"	0.3	1	0	0	0	0	0	NA	NA
"Phasmatodea"	21	TRUE	"wdadn"	0.5	1	0	0	0	0	0	NA	NA
"Phasmatodea"	22	TRUE	"wdadn"	0.7	1	0	0	0	0	0	NA	NA
"Phasmatodea"	23	TRUE	"wdadn"	0.9	1	0	0	0	0	0	NA	NA
"Phasmatodea"	24	TRUE	"wdadn"	1.1	1	0	0	0	0	0	NA	NA
"Mantodea"	1	FALSE	"dadn"	1	1	0	0	0	0	0	NA	NA
"Mantodea"	2	FALSE	"dadn"	1.2	1	0	0	0	0	0	NA	NA
"Mantodea"	3	FALSE	"dadn"	1.5	1	0	0	0	0	0	NA	NA
"Mantodea"	4	FALSE	"dadn"	1.8	1	0	0	0	0	0	NA	NA
"Mantodea"	5	FALSE	"dadn"	2.1	1	0	0	0	0	0	NA	NA
"Mantodea"	6	FALSE	"dadn"	2.4	1	0	0	0	0	0	NA	NA
"Mantodea"	7	FALSE	"wdadn"	0.8	1	0	0	0	0	0	NA	NA
"Mantodea"	8	FALSE	"wdadn"	0.9	1	0	0	0	0	0	NA	NA
"Mantodea"	9	FALSE	"wdadn"	1	1	0	0	0	0	0	NA	NA
"Mantodea"	10	FALSE	"wdadn"	1.1	1	0	0	0	0	0	NA	NA
"Mantodea"	11	FALSE	"wdadn"	1.2	1	0	0	0	0	0	NA	NA
"Mantodea"	12	FALSE	"wdadn"	1.3	1	0	0	0	0	0	NA	NA
"Mantodea"	13	TRUE	"dadn"	0.4	1	0	0	0	0	0	NA	NA
"Mantodea"	14	TRUE	"dadn"	0.6	1	0	0	0	0	0	NA	NA
"Mantodea"	15	TRUE	"dadn"	0.8	1	0	0	0	0	0	NA	NA
"Mantodea"	16	TRUE	"dadn"	1	1	0	0	0	0	0	NA	NA
"Mantodea"	17	TRUE	"dadn"	1.2	1	0	0	0	0	0	NA	NA
"Mantodea"	18	TRUE	"dadn"	1.5	1	0	0	0	0	0	NA	NA
"Mantodea"	19	TRUE	"wdadn"	0.1	1	0	0	0	0	0	NA	NA
"Mantodea"	20	TRUE	"wdadn"	0.3	1	0	0	0	0	0	NA	NA
"Mantodea"	21	TRUE	"wdadn"	0.5	1	0	0	0	0	0	NA	NA
"Mantodea"	22	TRUE	"wdadn"	0.7	1	0	0	0	0	0	NA	NA
"Mantodea"	23	TRUE	"wdadn"	0.9	1	0	0	0	0	0	NA	NA
"Mantodea"	24	TRUE	"wdadn"	1.1	1	0	0	0	0	0	NA	NA
"Hexapoda"	1	FALSE	"dadn"	1	47045	26349	18770	7011	2091	465	0.37352157698455	0.222381635581062
"Hexapoda"	2	FALSE	"dadn"	1.2	47045	24288	18770	5967	2091	554	0.317900905700586	0.2649450023912
"Hexapoda"	3	FALSE	"dadn"	1.5	47045	21295	18770	4611	2091	688	0.245657964837507	0.329029172644668
"Hexapoda"	4	FALSE	"dadn"	1.8	47045	18671	18770	3549	2091	814	0.18907831646244	0.389287422285988
"Hexapoda"	5	FALSE	"dadn"	2.1	47045	16228	18770	2664	2091	965	0.141928609483218	0.461501673840268
"Hexapoda"	6	FALSE	"dadn"	2.4	47045	14123	18770	2005	2091	1074	0.106819392647842	0.513629842180775
"Hexapoda"	7	FALSE	"wdadn"	0.8	47045	20645	18770	4370	2091	717	0.232818327117741	0.342898134863702
"Hexapoda"	8	FALSE	"wdadn"	0.9	47045	19068	18770	3704	2091	783	0.197336174746937	0.374461979913917
"Hexapoda"	9	FALSE	"wdadn"	1	47045	17563	18770	3100	2091	850	0.165157165689931	0.40650406504065
"Hexapoda"	10	FALSE	"wdadn"	1.1	47045	16296	18770	2612	2091	920	0.139158231220032	0.439980870396939
"Hexapoda"	11	FALSE	"wdadn"	1.2	47045	15073	18770	2164	2091	981	0.115290356952584	0.469153515064562
"Hexapoda"	12	FALSE	"wdadn"	1.3	47045	14007	18770	1794	2091	1042	0.0955780500799148	0.498326159732186
"Hexapoda"	13	TRUE	"dadn"	0.4	47045	11760	18770	678	2091	790	0.0361214704315397	0.377809660449546
"Hexapoda"	14	TRUE	"dadn"	0.6	47045	11407	18770	595	2091	805	0.0316995205114545	0.384983261597322
"Hexapoda"	15	TRUE	"dadn"	0.8	47045	10919	18770	534	2091	852	0.0284496537027171	0.407460545193687
"Hexapoda"	16	TRUE	"dadn"	1	47045	10449	18770	457	2091	903	0.0243473628129995	0.431850789096126
"Hexapoda"	17	TRUE	"dadn"	1.2	47045	9935	18770	409	2091	965	0.0217900905700586	0.461501673840268
"Hexapoda"	18	TRUE	"dadn"	1.5	47045	9095	18770	326	2091	1048	0.0173681406499734	0.501195600191296
"Hexapoda"	19	TRUE	"wdadn"	0.1	47045	11875	18770	743	2091	785	0.0395844432605221	0.375418460066954
"Hexapoda"	20	TRUE	"wdadn"	0.3	47045	11109	18770	579	2091	877	0.0308470964304742	0.419416547106648
"Hexapoda"	21	TRUE	"wdadn"	0.5	47045	10313	18770	451	2091	953	0.0240277037826319	0.455762792922047
"Hexapoda"	22	TRUE	"wdadn"	0.7	47045	9580	18770	350	2091	1024	0.0186467767714438	0.489717838354854
"Hexapoda"	23	TRUE	"wdadn"	0.9	47045	8872	18770	291	2091	1105	0.015503462972829	0.528455284552846
"Hexapoda"	24	TRUE	"wdadn"	1.1	47045	8164	18770	244	2091	1178	0.0129994672349494	0.56336681013869
