"taxon"	"run"	"method"	"cutoff"	"clusters"	"removed_clusters"	"unique_bins"	"removed_uniques"	"duplicate_bins"	"duplicate_bin_records"	"remaining_dups"	"remaining_dup_records"	"false_pos"	"false_neg"	"finbol_clusters"	"removed_finbol_clusters"	"spp_in_known"	"found_spp_in_known"	"clusters_in_known"	"spurious"	"remaining_spurious"	"false_pos_finbol"	"false_neg_spurious"	"false_pos_comb"	"false_neg_comb"
"Diptera"	1	"hmm"	160	17459	15	7824	0	708	1120	707	1114	0	0.998587570621469	1928	0	363	162	314	104	104	0	1	0	0.998768472906404
"Diptera"	2	"hmm"	165	17459	15	7824	0	708	1120	707	1114	0	0.998587570621469	1928	0	363	162	314	104	104	0	1	0	0.998768472906404
"Diptera"	3	"hmm"	170	17459	16	7824	0	708	1120	707	1114	0	0.998587570621469	1928	0	363	162	314	104	104	0	1	0	0.998768472906404
"Diptera"	4	"hmm"	175	17459	18	7824	0	708	1120	707	1114	0	0.998587570621469	1928	0	363	162	314	104	104	0	1	0	0.998768472906404
"Diptera"	5	"hmm"	180	17459	21	7824	0	708	1120	707	1114	0	0.998587570621469	1928	0	363	162	314	104	104	0	1	0	0.998768472906404
"Diptera"	6	"hmm"	185	17459	24	7824	0	708	1120	707	1114	0	0.998587570621469	1928	0	363	162	314	104	104	0	1	0	0.998768472906404
"Diptera"	7	"hmm"	190	17459	26	7824	0	708	1120	707	1114	0	0.998587570621469	1928	0	363	162	314	104	104	0	1	0	0.998768472906404
"Diptera"	8	"hmm"	195	17459	31	7824	0	708	1120	705	1112	0	0.995762711864407	1928	0	363	162	314	104	104	0	1	0	0.996305418719212
"Diptera"	9	"hmm"	200	17459	61	7824	0	708	1120	693	1096	0	0.978813559322034	1928	0	363	162	314	104	104	0	1	0	0.981527093596059
"Diptera"	10	"hmm"	205	17459	70	7824	0	708	1120	693	1094	0	0.978813559322034	1928	0	363	162	314	104	104	0	1	0	0.981527093596059
"Diptera"	11	"hmm"	210	17459	84	7824	0	708	1120	692	1092	0	0.977401129943503	1928	0	363	162	314	104	103	0	0.990384615384615	0	0.979064039408867
"Diptera"	12	"hmm"	215	17459	100	7824	0	708	1120	691	1089	0	0.975988700564972	1928	0	363	162	314	104	103	0	0.990384615384615	0	0.977832512315271
"Diptera"	13	"hmm"	220	17459	140	7824	0	708	1120	688	1083	0	0.971751412429379	1928	0	363	162	314	104	102	0	0.980769230769231	0	0.972906403940887
"Diptera"	14	"hmm"	225	17459	228	7824	1	708	1120	675	1052	0.000127811860940695	0.953389830508475	1928	0	363	162	314	104	102	0	0.980769230769231	0.000102543068088597	0.956896551724138
"Diptera"	15	"hmm"	230	17459	319	7824	2	708	1120	663	1029	0.000255623721881391	0.936440677966102	1928	0	363	162	314	104	101	0	0.971153846153846	0.000205086136177194	0.940886699507389
"Diptera"	16	"hmm"	235	17459	485	7824	3	708	1120	655	1008	0.000383435582822086	0.925141242937853	1928	0	363	162	314	104	98	0	0.942307692307692	0.000307629204265792	0.927339901477833
"Diptera"	17	"hmm"	240	17459	716	7824	11	708	1120	628	950	0.00140593047034765	0.887005649717514	1928	0	363	162	314	104	97	0	0.932692307692308	0.00112797374897457	0.892857142857143
"Diptera"	18	"hmm"	245	17459	1143	7824	40	708	1120	595	884	0.00511247443762781	0.840395480225989	1928	0	363	162	314	104	91	0	0.875	0.00410172272354389	0.844827586206897
"Diptera"	19	"hmm"	250	17459	3127	7824	490	708	1120	539	783	0.0626278118609407	0.761299435028249	1928	1	363	162	314	104	83	0.000518672199170124	0.798076923076923	0.0503486464315012	0.766009852216749
"Diptera"	20	"hmm"	255	17459	5539	7824	1135	708	1120	452	652	0.145066462167689	0.638418079096045	1928	6	363	162	314	104	75	0.00311203319502075	0.721153846153846	0.117001640689089	0.649014778325123
"Diptera"	21	"hmm"	260	17459	9599	7824	2822	708	1120	219	311	0.360685071574642	0.309322033898305	1928	430	363	162	314	104	26	0.223029045643154	0.25	0.333470057424118	0.301724137931034
"Diptera"	22	"hmm"	265	17459	17450	7824	7819	708	1120	0	0	0.999360940695297	0	1928	1927	363	162	314	104	0	0.99948132780083	0	0.999384741591468	0
"Diptera"	23	"hmm"	270	17459	17453	7824	7822	708	1120	0	0	0.999744376278119	0	1928	1927	363	162	314	104	0	0.99948132780083	0	0.999692370795734	0
"Diptera"	24	"hmm"	275	17459	17453	7824	7822	708	1120	0	0	0.999744376278119	0	1928	1927	363	162	314	104	0	0.99948132780083	0	0.999692370795734	0
"Diptera"	25	"hmm"	280	17459	17453	7824	7822	708	1120	0	0	0.999744376278119	0	1928	1927	363	162	314	104	0	0.99948132780083	0	0.999692370795734	0
"Diptera"	26	"hmm"	285	17459	17453	7824	7822	708	1120	0	0	0.999744376278119	0	1928	1927	363	162	314	104	0	0.99948132780083	0	0.999692370795734	0
"Diptera"	27	"hmm"	290	17459	17453	7824	7822	708	1120	0	0	0.999744376278119	0	1928	1927	363	162	314	104	0	0.99948132780083	0	0.999692370795734	0
"Diptera"	28	"hmm"	295	17459	17453	7824	7822	708	1120	0	0	0.999744376278119	0	1928	1927	363	162	314	104	0	0.99948132780083	0	0.999692370795734	0
"Diptera"	29	"hmm"	300	17459	17453	7824	7822	708	1120	0	0	0.999744376278119	0	1928	1927	363	162	314	104	0	0.99948132780083	0	0.999692370795734	0
"Hymenoptera"	1	"hmm"	160	14315	3	5452	0	338	445	338	445	0	1	778	0	28	12	14	2	2	0	1	0	1
"Hymenoptera"	2	"hmm"	165	14315	3	5452	0	338	445	338	445	0	1	778	0	28	12	14	2	2	0	1	0	1
"Hymenoptera"	3	"hmm"	170	14315	7	5452	0	338	445	338	444	0	1	778	0	28	12	14	2	2	0	1	0	1
"Hymenoptera"	4	"hmm"	175	14315	9	5452	0	338	445	338	444	0	1	778	0	28	12	14	2	2	0	1	0	1
"Hymenoptera"	5	"hmm"	180	14315	13	5452	0	338	445	338	444	0	1	778	0	28	12	14	2	2	0	1	0	1
"Hymenoptera"	6	"hmm"	185	14315	20	5452	0	338	445	337	443	0	0.997041420118343	778	0	28	12	14	2	2	0	1	0	0.997058823529412
"Hymenoptera"	7	"hmm"	190	14315	25	5452	0	338	445	337	442	0	0.997041420118343	778	0	28	12	14	2	2	0	1	0	0.997058823529412
"Hymenoptera"	8	"hmm"	195	14315	33	5452	0	338	445	337	442	0	0.997041420118343	778	0	28	12	14	2	2	0	1	0	0.997058823529412
"Hymenoptera"	9	"hmm"	200	14315	48	5452	0	338	445	336	441	0	0.994082840236686	778	0	28	12	14	2	2	0	1	0	0.994117647058824
"Hymenoptera"	10	"hmm"	205	14315	82	5452	1	338	445	335	439	0.000183418928833456	0.99112426035503	778	0	28	12	14	2	2	0	1	0.000160513643659711	0.991176470588235
"Hymenoptera"	11	"hmm"	210	14315	143	5452	4	338	445	333	435	0.000733675715333822	0.985207100591716	778	0	28	12	14	2	2	0	1	0.000642054574638844	0.985294117647059
"Hymenoptera"	12	"hmm"	215	14315	311	5452	42	338	445	325	423	0.00770359501100514	0.961538461538462	778	0	28	12	14	2	2	0	1	0.00674157303370787	0.961764705882353
"Hymenoptera"	13	"hmm"	220	14315	710	5452	153	338	445	316	402	0.0280630961115187	0.93491124260355	778	1	28	12	14	2	2	0.0012853470437018	1	0.0247191011235955	0.935294117647059
"Hymenoptera"	14	"hmm"	225	14315	1179	5452	225	338	445	300	376	0.0412692589875275	0.887573964497041	778	3	28	12	14	2	2	0.0038560411311054	1	0.0365971107544141	0.888235294117647
"Hymenoptera"	15	"hmm"	230	14315	2122	5452	425	338	445	276	335	0.0779530447542186	0.816568047337278	778	15	28	12	14	2	2	0.019280205655527	1	0.0706260032102729	0.817647058823529
"Hymenoptera"	16	"hmm"	235	14315	3817	5452	828	338	445	225	270	0.151870873074101	0.665680473372781	778	35	28	12	14	2	2	0.044987146529563	1	0.138523274478331	0.667647058823529
"Hymenoptera"	17	"hmm"	240	14315	7642	5452	1921	338	445	150	170	0.352347762289068	0.443786982248521	778	77	28	12	14	2	1	0.0989717223650386	0.5	0.320706260032103	0.444117647058824
"Hymenoptera"	18	"hmm"	245	14315	10584	5452	3145	338	445	73	77	0.576852531181218	0.215976331360947	778	215	28	12	14	2	1	0.276349614395887	0.5	0.539325842696629	0.217647058823529
"Hymenoptera"	19	"hmm"	250	14315	13258	5452	4705	338	445	18	18	0.862986060161409	0.0532544378698225	778	545	28	12	14	2	1	0.700514138817481	0.5	0.842696629213483	0.0558823529411765
"Hymenoptera"	20	"hmm"	255	14315	14261	5452	5420	338	445	0	0	0.994130594277329	0	778	769	28	12	14	2	0	0.988431876606684	0	0.993418940609952	0
"Hymenoptera"	21	"hmm"	260	14315	14313	5452	5451	338	445	0	0	0.999816581071167	0	778	778	28	12	14	2	0	1	0	0.99983948635634	0
"Hymenoptera"	22	"hmm"	265	14315	14313	5452	5451	338	445	0	0	0.999816581071167	0	778	778	28	12	14	2	0	1	0	0.99983948635634	0
"Hymenoptera"	23	"hmm"	270	14315	14313	5452	5451	338	445	0	0	0.999816581071167	0	778	778	28	12	14	2	0	1	0	0.99983948635634	0
"Hymenoptera"	24	"hmm"	275	14315	14313	5452	5451	338	445	0	0	0.999816581071167	0	778	778	28	12	14	2	0	1	0	0.99983948635634	0
"Hymenoptera"	25	"hmm"	280	14315	14313	5452	5451	338	445	0	0	0.999816581071167	0	778	778	28	12	14	2	0	1	0	0.99983948635634	0
"Hymenoptera"	26	"hmm"	285	14315	14313	5452	5451	338	445	0	0	0.999816581071167	0	778	778	28	12	14	2	0	1	0	0.99983948635634	0
"Hymenoptera"	27	"hmm"	290	14315	14313	5452	5451	338	445	0	0	0.999816581071167	0	778	778	28	12	14	2	0	1	0	0.99983948635634	0
"Hymenoptera"	28	"hmm"	295	14315	14313	5452	5451	338	445	0	0	0.999816581071167	0	778	778	28	12	14	2	0	1	0	0.99983948635634	0
"Hymenoptera"	29	"hmm"	300	14315	14313	5452	5451	338	445	0	0	0.999816581071167	0	778	778	28	12	14	2	0	1	0	0.99983948635634	0
"Coleoptera"	1	"hmm"	160	2663	1	1675	0	184	401	183	400	0	0.994565217391304	738	0	620	253	404	70	70	0	1	0	0.996062992125984
"Coleoptera"	2	"hmm"	165	2663	4	1675	0	184	401	183	400	0	0.994565217391304	738	0	620	253	404	70	70	0	1	0	0.996062992125984
"Coleoptera"	3	"hmm"	170	2663	4	1675	0	184	401	183	400	0	0.994565217391304	738	0	620	253	404	70	70	0	1	0	0.996062992125984
"Coleoptera"	4	"hmm"	175	2663	4	1675	0	184	401	183	400	0	0.994565217391304	738	0	620	253	404	70	70	0	1	0	0.996062992125984
"Coleoptera"	5	"hmm"	180	2663	4	1675	0	184	401	183	400	0	0.994565217391304	738	0	620	253	404	70	70	0	1	0	0.996062992125984
"Coleoptera"	6	"hmm"	185	2663	4	1675	0	184	401	183	400	0	0.994565217391304	738	0	620	253	404	70	70	0	1	0	0.996062992125984
"Coleoptera"	7	"hmm"	190	2663	4	1675	0	184	401	183	400	0	0.994565217391304	738	0	620	253	404	70	70	0	1	0	0.996062992125984
"Coleoptera"	8	"hmm"	195	2663	5	1675	0	184	401	183	399	0	0.994565217391304	738	0	620	253	404	70	70	0	1	0	0.996062992125984
"Coleoptera"	9	"hmm"	200	2663	6	1675	0	184	401	182	398	0	0.989130434782609	738	0	620	253	404	70	70	0	1	0	0.992125984251969
"Coleoptera"	10	"hmm"	205	2663	35	1675	0	184	401	182	371	0	0.989130434782609	738	0	620	253	404	70	70	0	1	0	0.992125984251969
"Coleoptera"	11	"hmm"	210	2663	56	1675	0	184	401	182	352	0	0.989130434782609	738	0	620	253	404	70	70	0	1	0	0.992125984251969
"Coleoptera"	12	"hmm"	215	2663	62	1675	0	184	401	182	350	0	0.989130434782609	738	0	620	253	404	70	70	0	1	0	0.992125984251969
"Coleoptera"	13	"hmm"	220	2663	65	1675	0	184	401	182	349	0	0.989130434782609	738	0	620	253	404	70	69	0	0.985714285714286	0	0.988188976377953
"Coleoptera"	14	"hmm"	225	2663	72	1675	0	184	401	179	346	0	0.972826086956522	738	0	620	253	404	70	69	0	0.985714285714286	0	0.976377952755906
"Coleoptera"	15	"hmm"	230	2663	79	1675	1	184	401	178	345	0.000597014925373134	0.967391304347826	738	0	620	253	404	70	69	0	0.985714285714286	0.000414421881475342	0.97244094488189
"Coleoptera"	16	"hmm"	235	2663	104	1675	1	184	401	177	340	0.000597014925373134	0.96195652173913	738	0	620	253	404	70	69	0	0.985714285714286	0.000414421881475342	0.968503937007874
"Coleoptera"	17	"hmm"	240	2663	148	1675	2	184	401	168	324	0.00119402985074627	0.91304347826087	738	0	620	253	404	70	68	0	0.971428571428571	0.000828843762950684	0.929133858267717
"Coleoptera"	18	"hmm"	245	2663	218	1675	4	184	401	161	303	0.00238805970149254	0.875	738	1	620	253	404	70	64	0.0013550135501355	0.914285714285714	0.00207210940737671	0.885826771653543
"Coleoptera"	19	"hmm"	250	2663	305	1675	13	184	401	146	280	0.00776119402985075	0.793478260869565	738	6	620	253	404	70	64	0.00813008130081301	0.914285714285714	0.0078740157480315	0.826771653543307
"Coleoptera"	20	"hmm"	255	2663	510	1675	81	184	401	110	225	0.0483582089552239	0.597826086956522	738	28	620	253	404	70	60	0.037940379403794	0.857142857142857	0.0451719850808123	0.669291338582677
"Coleoptera"	21	"hmm"	260	2663	1093	1675	440	184	401	54	144	0.262686567164179	0.293478260869565	738	182	620	253	404	70	35	0.246612466124661	0.5	0.257770410277663	0.350393700787402
"Coleoptera"	22	"hmm"	265	2663	2502	1675	1604	184	401	3	80	0.957611940298507	0.016304347826087	738	708	620	253	404	70	2	0.959349593495935	0.0285714285714286	0.95814338997099	0.0196850393700787
"Coleoptera"	23	"hmm"	270	2663	2576	1675	1668	184	401	2	79	0.995820895522388	0.0108695652173913	738	732	620	253	404	70	2	0.991869918699187	0.0285714285714286	0.99461251554082	0.015748031496063
"Coleoptera"	24	"hmm"	275	2663	2576	1675	1668	184	401	2	79	0.995820895522388	0.0108695652173913	738	732	620	253	404	70	2	0.991869918699187	0.0285714285714286	0.99461251554082	0.015748031496063
"Coleoptera"	25	"hmm"	280	2663	2576	1675	1668	184	401	2	79	0.995820895522388	0.0108695652173913	738	732	620	253	404	70	2	0.991869918699187	0.0285714285714286	0.99461251554082	0.015748031496063
"Coleoptera"	26	"hmm"	285	2663	2576	1675	1668	184	401	2	79	0.995820895522388	0.0108695652173913	738	732	620	253	404	70	2	0.991869918699187	0.0285714285714286	0.99461251554082	0.015748031496063
"Coleoptera"	27	"hmm"	290	2663	2576	1675	1668	184	401	2	79	0.995820895522388	0.0108695652173913	738	732	620	253	404	70	2	0.991869918699187	0.0285714285714286	0.99461251554082	0.015748031496063
"Coleoptera"	28	"hmm"	295	2663	2576	1675	1668	184	401	2	79	0.995820895522388	0.0108695652173913	738	732	620	253	404	70	2	0.991869918699187	0.0285714285714286	0.99461251554082	0.015748031496063
"Coleoptera"	29	"hmm"	300	2663	2576	1675	1668	184	401	2	79	0.995820895522388	0.0108695652173913	738	732	620	253	404	70	2	0.991869918699187	0.0285714285714286	0.99461251554082	0.015748031496063
"Psocodea"	1	"hmm"	160	117	0	65	0	10	14	10	14	0	1	42	0	35	21	69	7	7	0	1	0	1
"Psocodea"	2	"hmm"	165	117	0	65	0	10	14	10	14	0	1	42	0	35	21	69	7	7	0	1	0	1
"Psocodea"	3	"hmm"	170	117	0	65	0	10	14	10	14	0	1	42	0	35	21	69	7	7	0	1	0	1
"Psocodea"	4	"hmm"	175	117	0	65	0	10	14	10	14	0	1	42	0	35	21	69	7	7	0	1	0	1
"Psocodea"	5	"hmm"	180	117	0	65	0	10	14	10	14	0	1	42	0	35	21	69	7	7	0	1	0	1
"Psocodea"	6	"hmm"	185	117	0	65	0	10	14	10	14	0	1	42	0	35	21	69	7	7	0	1	0	1
"Psocodea"	7	"hmm"	190	117	0	65	0	10	14	10	14	0	1	42	0	35	21	69	7	7	0	1	0	1
"Psocodea"	8	"hmm"	195	117	0	65	0	10	14	10	14	0	1	42	0	35	21	69	7	7	0	1	0	1
"Psocodea"	9	"hmm"	200	117	0	65	0	10	14	10	14	0	1	42	0	35	21	69	7	7	0	1	0	1
"Psocodea"	10	"hmm"	205	117	0	65	0	10	14	10	14	0	1	42	0	35	21	69	7	7	0	1	0	1
"Psocodea"	11	"hmm"	210	117	0	65	0	10	14	10	14	0	1	42	0	35	21	69	7	7	0	1	0	1
"Psocodea"	12	"hmm"	215	117	0	65	0	10	14	10	14	0	1	42	0	35	21	69	7	7	0	1	0	1
"Psocodea"	13	"hmm"	220	117	0	65	0	10	14	10	14	0	1	42	0	35	21	69	7	7	0	1	0	1
"Psocodea"	14	"hmm"	225	117	1	65	1	10	14	10	14	0.0153846153846154	1	42	0	35	21	69	7	7	0	1	0.00934579439252336	1
"Psocodea"	15	"hmm"	230	117	7	65	6	10	14	9	13	0.0923076923076923	0.9	42	1	35	21	69	7	7	0.0238095238095238	1	0.0654205607476635	0.941176470588235
"Psocodea"	16	"hmm"	235	117	8	65	7	10	14	9	13	0.107692307692308	0.9	42	1	35	21	69	7	7	0.0238095238095238	1	0.0747663551401869	0.941176470588235
"Psocodea"	17	"hmm"	240	117	9	65	8	10	14	9	13	0.123076923076923	0.9	42	2	35	21	69	7	7	0.0476190476190476	1	0.0934579439252336	0.941176470588235
"Psocodea"	18	"hmm"	245	117	10	65	8	10	14	9	13	0.123076923076923	0.9	42	2	35	21	69	7	7	0.0476190476190476	1	0.0934579439252336	0.941176470588235
"Psocodea"	19	"hmm"	250	117	12	65	9	10	14	9	13	0.138461538461538	0.9	42	3	35	21	69	7	6	0.0714285714285714	0.857142857142857	0.11214953271028	0.88235294117647
"Psocodea"	20	"hmm"	255	117	22	65	11	10	14	8	9	0.169230769230769	0.8	42	4	35	21	69	7	6	0.0952380952380952	0.857142857142857	0.14018691588785	0.823529411764706
"Psocodea"	21	"hmm"	260	117	97	65	55	10	14	0	0	0.846153846153846	0	42	34	35	21	69	7	2	0.80952380952381	0.285714285714286	0.831775700934579	0.117647058823529
"Psocodea"	22	"hmm"	265	117	117	65	65	10	14	0	0	1	0	42	42	35	21	69	7	0	1	0	1	0
"Psocodea"	23	"hmm"	270	117	117	65	65	10	14	0	0	1	0	42	42	35	21	69	7	0	1	0	1	0
"Psocodea"	24	"hmm"	275	117	117	65	65	10	14	0	0	1	0	42	42	35	21	69	7	0	1	0	1	0
"Psocodea"	25	"hmm"	280	117	117	65	65	10	14	0	0	1	0	42	42	35	21	69	7	0	1	0	1	0
"Psocodea"	26	"hmm"	285	117	117	65	65	10	14	0	0	1	0	42	42	35	21	69	7	0	1	0	1	0
"Psocodea"	27	"hmm"	290	117	117	65	65	10	14	0	0	1	0	42	42	35	21	69	7	0	1	0	1	0
"Psocodea"	28	"hmm"	295	117	117	65	65	10	14	0	0	1	0	42	42	35	21	69	7	0	1	0	1	0
"Psocodea"	29	"hmm"	300	117	117	65	65	10	14	0	0	1	0	42	42	35	21	69	7	0	1	0	1	0
"Lepidoptera"	1	"hmm"	160	1755	0	1534	0	36	61	36	61	0	1	1203	0	670	333	414	69	69	0	1	0	1
"Lepidoptera"	2	"hmm"	165	1755	0	1534	0	36	61	36	61	0	1	1203	0	670	333	414	69	69	0	1	0	1
"Lepidoptera"	3	"hmm"	170	1755	0	1534	0	36	61	36	61	0	1	1203	0	670	333	414	69	69	0	1	0	1
"Lepidoptera"	4	"hmm"	175	1755	0	1534	0	36	61	36	61	0	1	1203	0	670	333	414	69	69	0	1	0	1
"Lepidoptera"	5	"hmm"	180	1755	0	1534	0	36	61	36	61	0	1	1203	0	670	333	414	69	69	0	1	0	1
"Lepidoptera"	6	"hmm"	185	1755	0	1534	0	36	61	36	61	0	1	1203	0	670	333	414	69	69	0	1	0	1
"Lepidoptera"	7	"hmm"	190	1755	0	1534	0	36	61	36	61	0	1	1203	0	670	333	414	69	69	0	1	0	1
"Lepidoptera"	8	"hmm"	195	1755	0	1534	0	36	61	36	61	0	1	1203	0	670	333	414	69	69	0	1	0	1
"Lepidoptera"	9	"hmm"	200	1755	1	1534	0	36	61	35	60	0	0.972222222222222	1203	0	670	333	414	69	69	0	1	0	0.99047619047619
"Lepidoptera"	10	"hmm"	205	1755	3	1534	0	36	61	35	59	0	0.972222222222222	1203	0	670	333	414	69	69	0	1	0	0.99047619047619
"Lepidoptera"	11	"hmm"	210	1755	4	1534	0	36	61	35	59	0	0.972222222222222	1203	0	670	333	414	69	69	0	1	0	0.99047619047619
"Lepidoptera"	12	"hmm"	215	1755	6	1534	0	36	61	35	59	0	0.972222222222222	1203	0	670	333	414	69	69	0	1	0	0.99047619047619
"Lepidoptera"	13	"hmm"	220	1755	7	1534	1	36	61	35	59	0.000651890482398957	0.972222222222222	1203	0	670	333	414	69	69	0	1	0.000365363536719035	0.99047619047619
"Lepidoptera"	14	"hmm"	225	1755	10	1534	1	36	61	34	58	0.000651890482398957	0.944444444444444	1203	0	670	333	414	69	69	0	1	0.000365363536719035	0.980952380952381
"Lepidoptera"	15	"hmm"	230	1755	16	1534	1	36	61	33	55	0.000651890482398957	0.916666666666667	1203	0	670	333	414	69	69	0	1	0.000365363536719035	0.971428571428571
"Lepidoptera"	16	"hmm"	235	1755	23	1534	1	36	61	32	53	0.000651890482398957	0.888888888888889	1203	0	670	333	414	69	67	0	0.971014492753623	0.000365363536719035	0.942857142857143
"Lepidoptera"	17	"hmm"	240	1755	31	1534	2	36	61	30	49	0.00130378096479791	0.833333333333333	1203	0	670	333	414	69	67	0	0.971014492753623	0.000730727073438071	0.923809523809524
"Lepidoptera"	18	"hmm"	245	1755	38	1534	2	36	61	28	46	0.00130378096479791	0.777777777777778	1203	0	670	333	414	69	67	0	0.971014492753623	0.000730727073438071	0.904761904761905
"Lepidoptera"	19	"hmm"	250	1755	53	1534	7	36	61	28	46	0.0045632333767927	0.777777777777778	1203	2	670	333	414	69	67	0.00166251039068994	0.971014492753623	0.00328827183047132	0.904761904761905
"Lepidoptera"	20	"hmm"	255	1755	103	1534	29	36	61	24	40	0.0189048239895698	0.666666666666667	1203	18	670	333	414	69	66	0.0149625935162095	0.956521739130435	0.0171720862257947	0.857142857142857
"Lepidoptera"	21	"hmm"	260	1755	894	1534	742	36	61	9	16	0.483702737940026	0.25	1203	590	670	333	414	69	31	0.490440565253533	0.449275362318841	0.486664230909755	0.380952380952381
"Lepidoptera"	22	"hmm"	265	1755	1751	1534	1531	36	61	0	0	0.998044328552803	0	1203	1201	670	333	414	69	0	0.99833748960931	0	0.998173182316405	0
"Lepidoptera"	23	"hmm"	270	1755	1755	1534	1534	36	61	0	0	1	0	1203	1203	670	333	414	69	0	1	0	1	0
"Lepidoptera"	24	"hmm"	275	1755	1755	1534	1534	36	61	0	0	1	0	1203	1203	670	333	414	69	0	1	0	1	0
"Lepidoptera"	25	"hmm"	280	1755	1755	1534	1534	36	61	0	0	1	0	1203	1203	670	333	414	69	0	1	0	1	0
"Lepidoptera"	26	"hmm"	285	1755	1755	1534	1534	36	61	0	0	1	0	1203	1203	670	333	414	69	0	1	0	1	0
"Lepidoptera"	27	"hmm"	290	1755	1755	1534	1534	36	61	0	0	1	0	1203	1203	670	333	414	69	0	1	0	1	0
"Lepidoptera"	28	"hmm"	295	1755	1755	1534	1534	36	61	0	0	1	0	1203	1203	670	333	414	69	0	1	0	1	0
"Lepidoptera"	29	"hmm"	300	1755	1755	1534	1534	36	61	0	0	1	0	1203	1203	670	333	414	69	0	1	0	1	0
"Strepsiptera"	1	"hmm"	160	9	0	7	0	0	0	0	0	0	NA	0	0	2	3	3	0	0	NA	NA	0	NA
"Strepsiptera"	2	"hmm"	165	9	0	7	0	0	0	0	0	0	NA	0	0	2	3	3	0	0	NA	NA	0	NA
"Strepsiptera"	3	"hmm"	170	9	0	7	0	0	0	0	0	0	NA	0	0	2	3	3	0	0	NA	NA	0	NA
"Strepsiptera"	4	"hmm"	175	9	0	7	0	0	0	0	0	0	NA	0	0	2	3	3	0	0	NA	NA	0	NA
"Strepsiptera"	5	"hmm"	180	9	0	7	0	0	0	0	0	0	NA	0	0	2	3	3	0	0	NA	NA	0	NA
"Strepsiptera"	6	"hmm"	185	9	0	7	0	0	0	0	0	0	NA	0	0	2	3	3	0	0	NA	NA	0	NA
"Strepsiptera"	7	"hmm"	190	9	1	7	1	0	0	0	0	0.142857142857143	NA	0	0	2	3	3	0	0	NA	NA	0.142857142857143	NA
"Strepsiptera"	8	"hmm"	195	9	3	7	3	0	0	0	0	0.428571428571429	NA	0	0	2	3	3	0	0	NA	NA	0.428571428571429	NA
"Strepsiptera"	9	"hmm"	200	9	7	7	6	0	0	0	0	0.857142857142857	NA	0	0	2	3	3	0	0	NA	NA	0.857142857142857	NA
"Strepsiptera"	10	"hmm"	205	9	7	7	6	0	0	0	0	0.857142857142857	NA	0	0	2	3	3	0	0	NA	NA	0.857142857142857	NA
"Strepsiptera"	11	"hmm"	210	9	8	7	7	0	0	0	0	1	NA	0	0	2	3	3	0	0	NA	NA	1	NA
"Strepsiptera"	12	"hmm"	215	9	8	7	7	0	0	0	0	1	NA	0	0	2	3	3	0	0	NA	NA	1	NA
"Strepsiptera"	13	"hmm"	220	9	8	7	7	0	0	0	0	1	NA	0	0	2	3	3	0	0	NA	NA	1	NA
"Strepsiptera"	14	"hmm"	225	9	8	7	7	0	0	0	0	1	NA	0	0	2	3	3	0	0	NA	NA	1	NA
"Strepsiptera"	15	"hmm"	230	9	8	7	7	0	0	0	0	1	NA	0	0	2	3	3	0	0	NA	NA	1	NA
"Strepsiptera"	16	"hmm"	235	9	8	7	7	0	0	0	0	1	NA	0	0	2	3	3	0	0	NA	NA	1	NA
"Strepsiptera"	17	"hmm"	240	9	8	7	7	0	0	0	0	1	NA	0	0	2	3	3	0	0	NA	NA	1	NA
"Strepsiptera"	18	"hmm"	245	9	8	7	7	0	0	0	0	1	NA	0	0	2	3	3	0	0	NA	NA	1	NA
"Strepsiptera"	19	"hmm"	250	9	8	7	7	0	0	0	0	1	NA	0	0	2	3	3	0	0	NA	NA	1	NA
"Strepsiptera"	20	"hmm"	255	9	9	7	7	0	0	0	0	1	NA	0	0	2	3	3	0	0	NA	NA	1	NA
"Strepsiptera"	21	"hmm"	260	9	9	7	7	0	0	0	0	1	NA	0	0	2	3	3	0	0	NA	NA	1	NA
"Strepsiptera"	22	"hmm"	265	9	9	7	7	0	0	0	0	1	NA	0	0	2	3	3	0	0	NA	NA	1	NA
"Strepsiptera"	23	"hmm"	270	9	9	7	7	0	0	0	0	1	NA	0	0	2	3	3	0	0	NA	NA	1	NA
"Strepsiptera"	24	"hmm"	275	9	9	7	7	0	0	0	0	1	NA	0	0	2	3	3	0	0	NA	NA	1	NA
"Strepsiptera"	25	"hmm"	280	9	9	7	7	0	0	0	0	1	NA	0	0	2	3	3	0	0	NA	NA	1	NA
"Strepsiptera"	26	"hmm"	285	9	9	7	7	0	0	0	0	1	NA	0	0	2	3	3	0	0	NA	NA	1	NA
"Strepsiptera"	27	"hmm"	290	9	9	7	7	0	0	0	0	1	NA	0	0	2	3	3	0	0	NA	NA	1	NA
"Strepsiptera"	28	"hmm"	295	9	9	7	7	0	0	0	0	1	NA	0	0	2	3	3	0	0	NA	NA	1	NA
"Strepsiptera"	29	"hmm"	300	9	9	7	7	0	0	0	0	1	NA	0	0	2	3	3	0	0	NA	NA	1	NA
"Mecoptera"	1	"hmm"	160	8	0	5	0	0	0	0	0	0	NA	4	0	2	1	4	0	0	0	NA	0	NA
"Mecoptera"	2	"hmm"	165	8	0	5	0	0	0	0	0	0	NA	4	0	2	1	4	0	0	0	NA	0	NA
"Mecoptera"	3	"hmm"	170	8	0	5	0	0	0	0	0	0	NA	4	0	2	1	4	0	0	0	NA	0	NA
"Mecoptera"	4	"hmm"	175	8	0	5	0	0	0	0	0	0	NA	4	0	2	1	4	0	0	0	NA	0	NA
"Mecoptera"	5	"hmm"	180	8	0	5	0	0	0	0	0	0	NA	4	0	2	1	4	0	0	0	NA	0	NA
"Mecoptera"	6	"hmm"	185	8	0	5	0	0	0	0	0	0	NA	4	0	2	1	4	0	0	0	NA	0	NA
"Mecoptera"	7	"hmm"	190	8	0	5	0	0	0	0	0	0	NA	4	0	2	1	4	0	0	0	NA	0	NA
"Mecoptera"	8	"hmm"	195	8	0	5	0	0	0	0	0	0	NA	4	0	2	1	4	0	0	0	NA	0	NA
"Mecoptera"	9	"hmm"	200	8	0	5	0	0	0	0	0	0	NA	4	0	2	1	4	0	0	0	NA	0	NA
"Mecoptera"	10	"hmm"	205	8	0	5	0	0	0	0	0	0	NA	4	0	2	1	4	0	0	0	NA	0	NA
"Mecoptera"	11	"hmm"	210	8	0	5	0	0	0	0	0	0	NA	4	0	2	1	4	0	0	0	NA	0	NA
"Mecoptera"	12	"hmm"	215	8	0	5	0	0	0	0	0	0	NA	4	0	2	1	4	0	0	0	NA	0	NA
"Mecoptera"	13	"hmm"	220	8	0	5	0	0	0	0	0	0	NA	4	0	2	1	4	0	0	0	NA	0	NA
"Mecoptera"	14	"hmm"	225	8	0	5	0	0	0	0	0	0	NA	4	0	2	1	4	0	0	0	NA	0	NA
"Mecoptera"	15	"hmm"	230	8	0	5	0	0	0	0	0	0	NA	4	0	2	1	4	0	0	0	NA	0	NA
"Mecoptera"	16	"hmm"	235	8	0	5	0	0	0	0	0	0	NA	4	0	2	1	4	0	0	0	NA	0	NA
"Mecoptera"	17	"hmm"	240	8	0	5	0	0	0	0	0	0	NA	4	0	2	1	4	0	0	0	NA	0	NA
"Mecoptera"	18	"hmm"	245	8	1	5	0	0	0	0	0	0	NA	4	0	2	1	4	0	0	0	NA	0	NA
"Mecoptera"	19	"hmm"	250	8	1	5	0	0	0	0	0	0	NA	4	0	2	1	4	0	0	0	NA	0	NA
"Mecoptera"	20	"hmm"	255	8	2	5	0	0	0	0	0	0	NA	4	0	2	1	4	0	0	0	NA	0	NA
"Mecoptera"	21	"hmm"	260	8	2	5	0	0	0	0	0	0	NA	4	0	2	1	4	0	0	0	NA	0	NA
"Mecoptera"	22	"hmm"	265	8	8	5	5	0	0	0	0	1	NA	4	4	2	1	4	0	0	1	NA	1	NA
"Mecoptera"	23	"hmm"	270	8	8	5	5	0	0	0	0	1	NA	4	4	2	1	4	0	0	1	NA	1	NA
"Mecoptera"	24	"hmm"	275	8	8	5	5	0	0	0	0	1	NA	4	4	2	1	4	0	0	1	NA	1	NA
"Mecoptera"	25	"hmm"	280	8	8	5	5	0	0	0	0	1	NA	4	4	2	1	4	0	0	1	NA	1	NA
"Mecoptera"	26	"hmm"	285	8	8	5	5	0	0	0	0	1	NA	4	4	2	1	4	0	0	1	NA	1	NA
"Mecoptera"	27	"hmm"	290	8	8	5	5	0	0	0	0	1	NA	4	4	2	1	4	0	0	1	NA	1	NA
"Mecoptera"	28	"hmm"	295	8	8	5	5	0	0	0	0	1	NA	4	4	2	1	4	0	0	1	NA	1	NA
"Mecoptera"	29	"hmm"	300	8	8	5	5	0	0	0	0	1	NA	4	4	2	1	4	0	0	1	NA	1	NA
"Trichoptera"	1	"hmm"	160	389	0	156	0	5	6	5	6	0	1	96	0	113	59	71	10	10	0	1	0	1
"Trichoptera"	2	"hmm"	165	389	0	156	0	5	6	5	6	0	1	96	0	113	59	71	10	10	0	1	0	1
"Trichoptera"	3	"hmm"	170	389	0	156	0	5	6	5	6	0	1	96	0	113	59	71	10	10	0	1	0	1
"Trichoptera"	4	"hmm"	175	389	0	156	0	5	6	5	6	0	1	96	0	113	59	71	10	10	0	1	0	1
"Trichoptera"	5	"hmm"	180	389	0	156	0	5	6	5	6	0	1	96	0	113	59	71	10	10	0	1	0	1
"Trichoptera"	6	"hmm"	185	389	0	156	0	5	6	5	6	0	1	96	0	113	59	71	10	10	0	1	0	1
"Trichoptera"	7	"hmm"	190	389	0	156	0	5	6	5	6	0	1	96	0	113	59	71	10	10	0	1	0	1
"Trichoptera"	8	"hmm"	195	389	0	156	0	5	6	5	6	0	1	96	0	113	59	71	10	10	0	1	0	1
"Trichoptera"	9	"hmm"	200	389	0	156	0	5	6	5	6	0	1	96	0	113	59	71	10	10	0	1	0	1
"Trichoptera"	10	"hmm"	205	389	0	156	0	5	6	5	6	0	1	96	0	113	59	71	10	10	0	1	0	1
"Trichoptera"	11	"hmm"	210	389	0	156	0	5	6	5	6	0	1	96	0	113	59	71	10	10	0	1	0	1
"Trichoptera"	12	"hmm"	215	389	0	156	0	5	6	5	6	0	1	96	0	113	59	71	10	10	0	1	0	1
"Trichoptera"	13	"hmm"	220	389	0	156	0	5	6	5	6	0	1	96	0	113	59	71	10	10	0	1	0	1
"Trichoptera"	14	"hmm"	225	389	0	156	0	5	6	5	6	0	1	96	0	113	59	71	10	10	0	1	0	1
"Trichoptera"	15	"hmm"	230	389	3	156	0	5	6	4	5	0	0.8	96	0	113	59	71	10	10	0	1	0	0.933333333333333
"Trichoptera"	16	"hmm"	235	389	5	156	0	5	6	4	5	0	0.8	96	0	113	59	71	10	10	0	1	0	0.933333333333333
"Trichoptera"	17	"hmm"	240	389	11	156	1	5	6	4	5	0.00641025641025641	0.8	96	0	113	59	71	10	10	0	1	0.00396825396825397	0.933333333333333
"Trichoptera"	18	"hmm"	245	389	19	156	6	5	6	4	5	0.0384615384615385	0.8	96	2	113	59	71	10	10	0.0208333333333333	1	0.0317460317460317	0.933333333333333
"Trichoptera"	19	"hmm"	250	389	51	156	17	5	6	4	4	0.108974358974359	0.8	96	11	113	59	71	10	9	0.114583333333333	0.9	0.111111111111111	0.866666666666667
"Trichoptera"	20	"hmm"	255	389	230	156	104	5	6	0	0	0.666666666666667	0	96	64	113	59	71	10	5	0.666666666666667	0.5	0.666666666666667	0.333333333333333
"Trichoptera"	21	"hmm"	260	389	368	156	143	5	6	0	0	0.916666666666667	0	96	86	113	59	71	10	2	0.895833333333333	0.2	0.908730158730159	0.133333333333333
"Trichoptera"	22	"hmm"	265	389	389	156	156	5	6	0	0	1	0	96	96	113	59	71	10	0	1	0	1	0
"Trichoptera"	23	"hmm"	270	389	389	156	156	5	6	0	0	1	0	96	96	113	59	71	10	0	1	0	1	0
"Trichoptera"	24	"hmm"	275	389	389	156	156	5	6	0	0	1	0	96	96	113	59	71	10	0	1	0	1	0
"Trichoptera"	25	"hmm"	280	389	389	156	156	5	6	0	0	1	0	96	96	113	59	71	10	0	1	0	1	0
"Trichoptera"	26	"hmm"	285	389	389	156	156	5	6	0	0	1	0	96	96	113	59	71	10	0	1	0	1	0
"Trichoptera"	27	"hmm"	290	389	389	156	156	5	6	0	0	1	0	96	96	113	59	71	10	0	1	0	1	0
"Trichoptera"	28	"hmm"	295	389	389	156	156	5	6	0	0	1	0	96	96	113	59	71	10	0	1	0	1	0
"Trichoptera"	29	"hmm"	300	389	389	156	156	5	6	0	0	1	0	96	96	113	59	71	10	0	1	0	1	0
"Thysanoptera"	1	"hmm"	160	165	0	56	0	1	1	1	1	0	1	0	0	0	0	0	0	0	NA	NA	0	1
"Thysanoptera"	2	"hmm"	165	165	0	56	0	1	1	1	1	0	1	0	0	0	0	0	0	0	NA	NA	0	1
"Thysanoptera"	3	"hmm"	170	165	0	56	0	1	1	1	1	0	1	0	0	0	0	0	0	0	NA	NA	0	1
"Thysanoptera"	4	"hmm"	175	165	0	56	0	1	1	1	1	0	1	0	0	0	0	0	0	0	NA	NA	0	1
"Thysanoptera"	5	"hmm"	180	165	0	56	0	1	1	1	1	0	1	0	0	0	0	0	0	0	NA	NA	0	1
"Thysanoptera"	6	"hmm"	185	165	0	56	0	1	1	1	1	0	1	0	0	0	0	0	0	0	NA	NA	0	1
"Thysanoptera"	7	"hmm"	190	165	0	56	0	1	1	1	1	0	1	0	0	0	0	0	0	0	NA	NA	0	1
"Thysanoptera"	8	"hmm"	195	165	0	56	0	1	1	1	1	0	1	0	0	0	0	0	0	0	NA	NA	0	1
"Thysanoptera"	9	"hmm"	200	165	0	56	0	1	1	1	1	0	1	0	0	0	0	0	0	0	NA	NA	0	1
"Thysanoptera"	10	"hmm"	205	165	0	56	0	1	1	1	1	0	1	0	0	0	0	0	0	0	NA	NA	0	1
"Thysanoptera"	11	"hmm"	210	165	0	56	0	1	1	1	1	0	1	0	0	0	0	0	0	0	NA	NA	0	1
"Thysanoptera"	12	"hmm"	215	165	0	56	0	1	1	1	1	0	1	0	0	0	0	0	0	0	NA	NA	0	1
"Thysanoptera"	13	"hmm"	220	165	3	56	1	1	1	1	1	0.0178571428571429	1	0	0	0	0	0	0	0	NA	NA	0.0178571428571429	1
"Thysanoptera"	14	"hmm"	225	165	3	56	1	1	1	1	1	0.0178571428571429	1	0	0	0	0	0	0	0	NA	NA	0.0178571428571429	1
"Thysanoptera"	15	"hmm"	230	165	3	56	1	1	1	1	1	0.0178571428571429	1	0	0	0	0	0	0	0	NA	NA	0.0178571428571429	1
"Thysanoptera"	16	"hmm"	235	165	49	56	24	1	1	1	1	0.428571428571429	1	0	0	0	0	0	0	0	NA	NA	0.428571428571429	1
"Thysanoptera"	17	"hmm"	240	165	95	56	50	1	1	1	1	0.892857142857143	1	0	0	0	0	0	0	0	NA	NA	0.892857142857143	1
"Thysanoptera"	18	"hmm"	245	165	107	56	55	1	1	0	0	0.982142857142857	0	0	0	0	0	0	0	0	NA	NA	0.982142857142857	0
"Thysanoptera"	19	"hmm"	250	165	117	56	55	1	1	0	0	0.982142857142857	0	0	0	0	0	0	0	0	NA	NA	0.982142857142857	0
"Thysanoptera"	20	"hmm"	255	165	135	56	55	1	1	0	0	0.982142857142857	0	0	0	0	0	0	0	0	NA	NA	0.982142857142857	0
"Thysanoptera"	21	"hmm"	260	165	163	56	55	1	1	0	0	0.982142857142857	0	0	0	0	0	0	0	0	NA	NA	0.982142857142857	0
"Thysanoptera"	22	"hmm"	265	165	163	56	55	1	1	0	0	0.982142857142857	0	0	0	0	0	0	0	0	NA	NA	0.982142857142857	0
"Thysanoptera"	23	"hmm"	270	165	163	56	55	1	1	0	0	0.982142857142857	0	0	0	0	0	0	0	0	NA	NA	0.982142857142857	0
"Thysanoptera"	24	"hmm"	275	165	163	56	55	1	1	0	0	0.982142857142857	0	0	0	0	0	0	0	0	NA	NA	0.982142857142857	0
"Thysanoptera"	25	"hmm"	280	165	163	56	55	1	1	0	0	0.982142857142857	0	0	0	0	0	0	0	0	NA	NA	0.982142857142857	0
"Thysanoptera"	26	"hmm"	285	165	163	56	55	1	1	0	0	0.982142857142857	0	0	0	0	0	0	0	0	NA	NA	0.982142857142857	0
"Thysanoptera"	27	"hmm"	290	165	163	56	55	1	1	0	0	0.982142857142857	0	0	0	0	0	0	0	0	NA	NA	0.982142857142857	0
"Thysanoptera"	28	"hmm"	295	165	163	56	55	1	1	0	0	0.982142857142857	0	0	0	0	0	0	0	0	NA	NA	0.982142857142857	0
"Thysanoptera"	29	"hmm"	300	165	163	56	55	1	1	0	0	0.982142857142857	0	0	0	0	0	0	0	0	NA	NA	0.982142857142857	0
"Symphypleona"	1	"hmm"	160	212	0	66	0	19	38	19	38	0	1	0	0	6	2	11	7	7	NA	1	0	1
"Symphypleona"	2	"hmm"	165	212	0	66	0	19	38	19	38	0	1	0	0	6	2	11	7	7	NA	1	0	1
"Symphypleona"	3	"hmm"	170	212	0	66	0	19	38	19	38	0	1	0	0	6	2	11	7	7	NA	1	0	1
"Symphypleona"	4	"hmm"	175	212	0	66	0	19	38	19	38	0	1	0	0	6	2	11	7	7	NA	1	0	1
"Symphypleona"	5	"hmm"	180	212	0	66	0	19	38	19	38	0	1	0	0	6	2	11	7	7	NA	1	0	1
"Symphypleona"	6	"hmm"	185	212	0	66	0	19	38	19	38	0	1	0	0	6	2	11	7	7	NA	1	0	1
"Symphypleona"	7	"hmm"	190	212	0	66	0	19	38	19	38	0	1	0	0	6	2	11	7	7	NA	1	0	1
"Symphypleona"	8	"hmm"	195	212	0	66	0	19	38	19	38	0	1	0	0	6	2	11	7	7	NA	1	0	1
"Symphypleona"	9	"hmm"	200	212	0	66	0	19	38	19	38	0	1	0	0	6	2	11	7	7	NA	1	0	1
"Symphypleona"	10	"hmm"	205	212	0	66	0	19	38	19	38	0	1	0	0	6	2	11	7	7	NA	1	0	1
"Symphypleona"	11	"hmm"	210	212	0	66	0	19	38	19	38	0	1	0	0	6	2	11	7	7	NA	1	0	1
"Symphypleona"	12	"hmm"	215	212	0	66	0	19	38	19	38	0	1	0	0	6	2	11	7	7	NA	1	0	1
"Symphypleona"	13	"hmm"	220	212	0	66	0	19	38	19	38	0	1	0	0	6	2	11	7	7	NA	1	0	1
"Symphypleona"	14	"hmm"	225	212	3	66	0	19	38	19	38	0	1	0	0	6	2	11	7	7	NA	1	0	1
"Symphypleona"	15	"hmm"	230	212	5	66	0	19	38	19	38	0	1	0	0	6	2	11	7	7	NA	1	0	1
"Symphypleona"	16	"hmm"	235	212	12	66	0	19	38	19	37	0	1	0	0	6	2	11	7	7	NA	1	0	1
"Symphypleona"	17	"hmm"	240	212	24	66	1	19	38	17	35	0.0151515151515152	0.894736842105263	0	0	6	2	11	7	7	NA	1	0.0151515151515152	0.923076923076923
"Symphypleona"	18	"hmm"	245	212	31	66	2	19	38	16	33	0.0303030303030303	0.842105263157895	0	0	6	2	11	7	7	NA	1	0.0303030303030303	0.884615384615385
"Symphypleona"	19	"hmm"	250	212	38	66	2	19	38	16	33	0.0303030303030303	0.842105263157895	0	0	6	2	11	7	7	NA	1	0.0303030303030303	0.884615384615385
"Symphypleona"	20	"hmm"	255	212	55	66	7	19	38	14	30	0.106060606060606	0.736842105263158	0	0	6	2	11	7	7	NA	1	0.106060606060606	0.807692307692308
"Symphypleona"	21	"hmm"	260	212	189	66	58	19	38	4	6	0.878787878787879	0.210526315789474	0	0	6	2	11	7	0	NA	0	0.878787878787879	0.153846153846154
"Symphypleona"	22	"hmm"	265	212	212	66	66	19	38	0	0	1	0	0	0	6	2	11	7	0	NA	0	1	0
"Symphypleona"	23	"hmm"	270	212	212	66	66	19	38	0	0	1	0	0	0	6	2	11	7	0	NA	0	1	0
"Symphypleona"	24	"hmm"	275	212	212	66	66	19	38	0	0	1	0	0	0	6	2	11	7	0	NA	0	1	0
"Symphypleona"	25	"hmm"	280	212	212	66	66	19	38	0	0	1	0	0	0	6	2	11	7	0	NA	0	1	0
"Symphypleona"	26	"hmm"	285	212	212	66	66	19	38	0	0	1	0	0	0	6	2	11	7	0	NA	0	1	0
"Symphypleona"	27	"hmm"	290	212	212	66	66	19	38	0	0	1	0	0	0	6	2	11	7	0	NA	0	1	0
"Symphypleona"	28	"hmm"	295	212	212	66	66	19	38	0	0	1	0	0	0	6	2	11	7	0	NA	0	1	0
"Symphypleona"	29	"hmm"	300	212	212	66	66	19	38	0	0	1	0	0	0	6	2	11	7	0	NA	0	1	0
"Odonata"	1	"hmm"	160	34	1	20	0	3	3	3	3	0	1	2	0	57	15	28	10	10	0	1	0	1
"Odonata"	2	"hmm"	165	34	1	20	0	3	3	3	3	0	1	2	0	57	15	28	10	10	0	1	0	1
"Odonata"	3	"hmm"	170	34	1	20	0	3	3	3	3	0	1	2	0	57	15	28	10	10	0	1	0	1
"Odonata"	4	"hmm"	175	34	1	20	0	3	3	3	3	0	1	2	0	57	15	28	10	10	0	1	0	1
"Odonata"	5	"hmm"	180	34	1	20	0	3	3	3	3	0	1	2	0	57	15	28	10	10	0	1	0	1
"Odonata"	6	"hmm"	185	34	1	20	0	3	3	3	3	0	1	2	0	57	15	28	10	10	0	1	0	1
"Odonata"	7	"hmm"	190	34	1	20	0	3	3	3	3	0	1	2	0	57	15	28	10	10	0	1	0	1
"Odonata"	8	"hmm"	195	34	1	20	0	3	3	3	3	0	1	2	0	57	15	28	10	10	0	1	0	1
"Odonata"	9	"hmm"	200	34	1	20	0	3	3	3	3	0	1	2	0	57	15	28	10	10	0	1	0	1
"Odonata"	10	"hmm"	205	34	1	20	0	3	3	3	3	0	1	2	0	57	15	28	10	10	0	1	0	1
"Odonata"	11	"hmm"	210	34	1	20	0	3	3	3	3	0	1	2	0	57	15	28	10	10	0	1	0	1
"Odonata"	12	"hmm"	215	34	1	20	0	3	3	3	3	0	1	2	0	57	15	28	10	10	0	1	0	1
"Odonata"	13	"hmm"	220	34	3	20	0	3	3	3	3	0	1	2	0	57	15	28	10	9	0	0.9	0	0.923076923076923
"Odonata"	14	"hmm"	225	34	3	20	0	3	3	3	3	0	1	2	0	57	15	28	10	9	0	0.9	0	0.923076923076923
"Odonata"	15	"hmm"	230	34	3	20	0	3	3	3	3	0	1	2	0	57	15	28	10	9	0	0.9	0	0.923076923076923
"Odonata"	16	"hmm"	235	34	5	20	0	3	3	3	3	0	1	2	0	57	15	28	10	8	0	0.8	0	0.846153846153846
"Odonata"	17	"hmm"	240	34	6	20	0	3	3	3	3	0	1	2	0	57	15	28	10	8	0	0.8	0	0.846153846153846
"Odonata"	18	"hmm"	245	34	7	20	0	3	3	3	3	0	1	2	0	57	15	28	10	7	0	0.7	0	0.769230769230769
"Odonata"	19	"hmm"	250	34	9	20	0	3	3	3	3	0	1	2	0	57	15	28	10	7	0	0.7	0	0.769230769230769
"Odonata"	20	"hmm"	255	34	11	20	1	3	3	3	3	0.05	1	2	0	57	15	28	10	6	0	0.6	0.0454545454545455	0.692307692307692
"Odonata"	21	"hmm"	260	34	34	20	20	3	3	0	0	1	0	2	2	57	15	28	10	0	1	0	1	0
"Odonata"	22	"hmm"	265	34	34	20	20	3	3	0	0	1	0	2	2	57	15	28	10	0	1	0	1	0
"Odonata"	23	"hmm"	270	34	34	20	20	3	3	0	0	1	0	2	2	57	15	28	10	0	1	0	1	0
"Odonata"	24	"hmm"	275	34	34	20	20	3	3	0	0	1	0	2	2	57	15	28	10	0	1	0	1	0
"Odonata"	25	"hmm"	280	34	34	20	20	3	3	0	0	1	0	2	2	57	15	28	10	0	1	0	1	0
"Odonata"	26	"hmm"	285	34	34	20	20	3	3	0	0	1	0	2	2	57	15	28	10	0	1	0	1	0
"Odonata"	27	"hmm"	290	34	34	20	20	3	3	0	0	1	0	2	2	57	15	28	10	0	1	0	1	0
"Odonata"	28	"hmm"	295	34	34	20	20	3	3	0	0	1	0	2	2	57	15	28	10	0	1	0	1	0
"Odonata"	29	"hmm"	300	34	34	20	20	3	3	0	0	1	0	2	2	57	15	28	10	0	1	0	1	0
"Entomobryomorpha"	1	"hmm"	160	787	1	187	0	72	303	72	303	0	1	0	0	5	3	28	14	14	NA	1	0	1
"Entomobryomorpha"	2	"hmm"	165	787	1	187	0	72	303	72	303	0	1	0	0	5	3	28	14	14	NA	1	0	1
"Entomobryomorpha"	3	"hmm"	170	787	2	187	0	72	303	72	303	0	1	0	0	5	3	28	14	14	NA	1	0	1
"Entomobryomorpha"	4	"hmm"	175	787	2	187	0	72	303	72	303	0	1	0	0	5	3	28	14	14	NA	1	0	1
"Entomobryomorpha"	5	"hmm"	180	787	3	187	0	72	303	72	303	0	1	0	0	5	3	28	14	14	NA	1	0	1
"Entomobryomorpha"	6	"hmm"	185	787	4	187	0	72	303	72	302	0	1	0	0	5	3	28	14	14	NA	1	0	1
"Entomobryomorpha"	7	"hmm"	190	787	4	187	0	72	303	72	302	0	1	0	0	5	3	28	14	14	NA	1	0	1
"Entomobryomorpha"	8	"hmm"	195	787	4	187	0	72	303	72	302	0	1	0	0	5	3	28	14	14	NA	1	0	1
"Entomobryomorpha"	9	"hmm"	200	787	4	187	0	72	303	72	302	0	1	0	0	5	3	28	14	14	NA	1	0	1
"Entomobryomorpha"	10	"hmm"	205	787	4	187	0	72	303	72	302	0	1	0	0	5	3	28	14	14	NA	1	0	1
"Entomobryomorpha"	11	"hmm"	210	787	4	187	0	72	303	72	302	0	1	0	0	5	3	28	14	14	NA	1	0	1
"Entomobryomorpha"	12	"hmm"	215	787	7	187	0	72	303	72	299	0	1	0	0	5	3	28	14	14	NA	1	0	1
"Entomobryomorpha"	13	"hmm"	220	787	13	187	1	72	303	70	294	0.0053475935828877	0.972222222222222	0	0	5	3	28	14	14	NA	1	0.0053475935828877	0.976744186046512
"Entomobryomorpha"	14	"hmm"	225	787	15	187	1	72	303	70	292	0.0053475935828877	0.972222222222222	0	0	5	3	28	14	14	NA	1	0.0053475935828877	0.976744186046512
"Entomobryomorpha"	15	"hmm"	230	787	24	187	1	72	303	70	291	0.0053475935828877	0.972222222222222	0	0	5	3	28	14	14	NA	1	0.0053475935828877	0.976744186046512
"Entomobryomorpha"	16	"hmm"	235	787	42	187	2	72	303	68	286	0.0106951871657754	0.944444444444444	0	0	5	3	28	14	14	NA	1	0.0106951871657754	0.953488372093023
"Entomobryomorpha"	17	"hmm"	240	787	61	187	2	72	303	67	282	0.0106951871657754	0.930555555555556	0	0	5	3	28	14	14	NA	1	0.0106951871657754	0.941860465116279
"Entomobryomorpha"	18	"hmm"	245	787	82	187	2	72	303	66	276	0.0106951871657754	0.916666666666667	0	0	5	3	28	14	13	NA	0.928571428571429	0.0106951871657754	0.918604651162791
"Entomobryomorpha"	19	"hmm"	250	787	120	187	4	72	303	60	258	0.0213903743315508	0.833333333333333	0	0	5	3	28	14	13	NA	0.928571428571429	0.0213903743315508	0.848837209302326
"Entomobryomorpha"	20	"hmm"	255	787	323	187	31	72	303	42	176	0.165775401069519	0.583333333333333	0	0	5	3	28	14	11	NA	0.785714285714286	0.165775401069519	0.616279069767442
"Entomobryomorpha"	21	"hmm"	260	787	779	187	182	72	303	0	0	0.973262032085562	0	0	0	5	3	28	14	0	NA	0	0.973262032085562	0
"Entomobryomorpha"	22	"hmm"	265	787	787	187	187	72	303	0	0	1	0	0	0	5	3	28	14	0	NA	0	1	0
"Entomobryomorpha"	23	"hmm"	270	787	787	187	187	72	303	0	0	1	0	0	0	5	3	28	14	0	NA	0	1	0
"Entomobryomorpha"	24	"hmm"	275	787	787	187	187	72	303	0	0	1	0	0	0	5	3	28	14	0	NA	0	1	0
"Entomobryomorpha"	25	"hmm"	280	787	787	187	187	72	303	0	0	1	0	0	0	5	3	28	14	0	NA	0	1	0
"Entomobryomorpha"	26	"hmm"	285	787	787	187	187	72	303	0	0	1	0	0	0	5	3	28	14	0	NA	0	1	0
"Entomobryomorpha"	27	"hmm"	290	787	787	187	187	72	303	0	0	1	0	0	0	5	3	28	14	0	NA	0	1	0
"Entomobryomorpha"	28	"hmm"	295	787	787	187	187	72	303	0	0	1	0	0	0	5	3	28	14	0	NA	0	1	0
"Entomobryomorpha"	29	"hmm"	300	787	787	187	187	72	303	0	0	1	0	0	0	5	3	28	14	0	NA	0	1	0
"Hemiptera"	1	"hmm"	160	1869	5	844	0	100	131	99	130	0	0.99	204	0	213	86	138	30	30	0	1	0	0.992307692307692
"Hemiptera"	2	"hmm"	165	1869	7	844	1	100	131	99	130	0.00118483412322275	0.99	204	0	213	86	138	30	29	0	0.966666666666667	0.000954198473282443	0.984615384615385
"Hemiptera"	3	"hmm"	170	1869	7	844	1	100	131	99	130	0.00118483412322275	0.99	204	0	213	86	138	30	29	0	0.966666666666667	0.000954198473282443	0.984615384615385
"Hemiptera"	4	"hmm"	175	1869	7	844	1	100	131	99	130	0.00118483412322275	0.99	204	0	213	86	138	30	29	0	0.966666666666667	0.000954198473282443	0.984615384615385
"Hemiptera"	5	"hmm"	180	1869	8	844	1	100	131	99	130	0.00118483412322275	0.99	204	0	213	86	138	30	29	0	0.966666666666667	0.000954198473282443	0.984615384615385
"Hemiptera"	6	"hmm"	185	1869	8	844	1	100	131	99	130	0.00118483412322275	0.99	204	0	213	86	138	30	29	0	0.966666666666667	0.000954198473282443	0.984615384615385
"Hemiptera"	7	"hmm"	190	1869	9	844	1	100	131	99	130	0.00118483412322275	0.99	204	0	213	86	138	30	29	0	0.966666666666667	0.000954198473282443	0.984615384615385
"Hemiptera"	8	"hmm"	195	1869	10	844	1	100	131	99	130	0.00118483412322275	0.99	204	0	213	86	138	30	29	0	0.966666666666667	0.000954198473282443	0.984615384615385
"Hemiptera"	9	"hmm"	200	1869	10	844	1	100	131	99	130	0.00118483412322275	0.99	204	0	213	86	138	30	29	0	0.966666666666667	0.000954198473282443	0.984615384615385
"Hemiptera"	10	"hmm"	205	1869	14	844	1	100	131	99	130	0.00118483412322275	0.99	204	0	213	86	138	30	29	0	0.966666666666667	0.000954198473282443	0.984615384615385
"Hemiptera"	11	"hmm"	210	1869	17	844	2	100	131	99	130	0.0023696682464455	0.99	204	0	213	86	138	30	29	0	0.966666666666667	0.00190839694656489	0.984615384615385
"Hemiptera"	12	"hmm"	215	1869	20	844	2	100	131	99	130	0.0023696682464455	0.99	204	0	213	86	138	30	29	0	0.966666666666667	0.00190839694656489	0.984615384615385
"Hemiptera"	13	"hmm"	220	1869	25	844	2	100	131	99	130	0.0023696682464455	0.99	204	0	213	86	138	30	29	0	0.966666666666667	0.00190839694656489	0.984615384615385
"Hemiptera"	14	"hmm"	225	1869	31	844	2	100	131	99	130	0.0023696682464455	0.99	204	0	213	86	138	30	29	0	0.966666666666667	0.00190839694656489	0.984615384615385
"Hemiptera"	15	"hmm"	230	1869	43	844	4	100	131	98	129	0.004739336492891	0.98	204	0	213	86	138	30	29	0	0.966666666666667	0.00381679389312977	0.976923076923077
"Hemiptera"	16	"hmm"	235	1869	76	844	12	100	131	97	128	0.014218009478673	0.97	204	0	213	86	138	30	29	0	0.966666666666667	0.0114503816793893	0.969230769230769
"Hemiptera"	17	"hmm"	240	1869	109	844	14	100	131	96	126	0.0165876777251185	0.96	204	0	213	86	138	30	28	0	0.933333333333333	0.0133587786259542	0.953846153846154
"Hemiptera"	18	"hmm"	245	1869	164	844	17	100	131	89	118	0.0201421800947867	0.89	204	0	213	86	138	30	28	0	0.933333333333333	0.0162213740458015	0.9
"Hemiptera"	19	"hmm"	250	1869	605	844	251	100	131	79	103	0.29739336492891	0.79	204	0	213	86	138	30	20	0	0.666666666666667	0.239503816793893	0.761538461538461
"Hemiptera"	20	"hmm"	255	1869	904	844	321	100	131	58	76	0.380331753554502	0.58	204	8	213	86	138	30	17	0.0392156862745098	0.566666666666667	0.313931297709924	0.576923076923077
"Hemiptera"	21	"hmm"	260	1869	1463	844	573	100	131	22	30	0.678909952606635	0.22	204	93	213	86	138	30	2	0.455882352941176	0.0666666666666667	0.635496183206107	0.184615384615385
"Hemiptera"	22	"hmm"	265	1869	1866	844	843	100	131	0	0	0.998815165876777	0	204	203	213	86	138	30	0	0.995098039215686	0	0.998091603053435	0
"Hemiptera"	23	"hmm"	270	1869	1868	844	843	100	131	0	0	0.998815165876777	0	204	203	213	86	138	30	0	0.995098039215686	0	0.998091603053435	0
"Hemiptera"	24	"hmm"	275	1869	1868	844	843	100	131	0	0	0.998815165876777	0	204	203	213	86	138	30	0	0.995098039215686	0	0.998091603053435	0
"Hemiptera"	25	"hmm"	280	1869	1868	844	843	100	131	0	0	0.998815165876777	0	204	203	213	86	138	30	0	0.995098039215686	0	0.998091603053435	0
"Hemiptera"	26	"hmm"	285	1869	1868	844	843	100	131	0	0	0.998815165876777	0	204	203	213	86	138	30	0	0.995098039215686	0	0.998091603053435	0
"Hemiptera"	27	"hmm"	290	1869	1868	844	843	100	131	0	0	0.998815165876777	0	204	203	213	86	138	30	0	0.995098039215686	0	0.998091603053435	0
"Hemiptera"	28	"hmm"	295	1869	1868	844	843	100	131	0	0	0.998815165876777	0	204	203	213	86	138	30	0	0.995098039215686	0	0.998091603053435	0
"Hemiptera"	29	"hmm"	300	1869	1868	844	843	100	131	0	0	0.998815165876777	0	204	203	213	86	138	30	0	0.995098039215686	0	0.998091603053435	0
"Plecoptera"	1	"hmm"	160	61	0	38	0	9	15	9	15	0	1	20	0	16	14	22	2	2	0	1	0	1
"Plecoptera"	2	"hmm"	165	61	0	38	0	9	15	9	15	0	1	20	0	16	14	22	2	2	0	1	0	1
"Plecoptera"	3	"hmm"	170	61	0	38	0	9	15	9	15	0	1	20	0	16	14	22	2	2	0	1	0	1
"Plecoptera"	4	"hmm"	175	61	0	38	0	9	15	9	15	0	1	20	0	16	14	22	2	2	0	1	0	1
"Plecoptera"	5	"hmm"	180	61	0	38	0	9	15	9	15	0	1	20	0	16	14	22	2	2	0	1	0	1
"Plecoptera"	6	"hmm"	185	61	0	38	0	9	15	9	15	0	1	20	0	16	14	22	2	2	0	1	0	1
"Plecoptera"	7	"hmm"	190	61	0	38	0	9	15	9	15	0	1	20	0	16	14	22	2	2	0	1	0	1
"Plecoptera"	8	"hmm"	195	61	0	38	0	9	15	9	15	0	1	20	0	16	14	22	2	2	0	1	0	1
"Plecoptera"	9	"hmm"	200	61	0	38	0	9	15	9	15	0	1	20	0	16	14	22	2	2	0	1	0	1
"Plecoptera"	10	"hmm"	205	61	0	38	0	9	15	9	15	0	1	20	0	16	14	22	2	2	0	1	0	1
"Plecoptera"	11	"hmm"	210	61	0	38	0	9	15	9	15	0	1	20	0	16	14	22	2	2	0	1	0	1
"Plecoptera"	12	"hmm"	215	61	0	38	0	9	15	9	15	0	1	20	0	16	14	22	2	2	0	1	0	1
"Plecoptera"	13	"hmm"	220	61	0	38	0	9	15	9	15	0	1	20	0	16	14	22	2	2	0	1	0	1
"Plecoptera"	14	"hmm"	225	61	1	38	0	9	15	9	14	0	1	20	0	16	14	22	2	2	0	1	0	1
"Plecoptera"	15	"hmm"	230	61	2	38	0	9	15	9	14	0	1	20	0	16	14	22	2	2	0	1	0	1
"Plecoptera"	16	"hmm"	235	61	3	38	0	9	15	9	14	0	1	20	0	16	14	22	2	2	0	1	0	1
"Plecoptera"	17	"hmm"	240	61	4	38	1	9	15	9	14	0.0263157894736842	1	20	0	16	14	22	2	2	0	1	0.0172413793103448	1
"Plecoptera"	18	"hmm"	245	61	6	38	1	9	15	8	13	0.0263157894736842	0.888888888888889	20	0	16	14	22	2	2	0	1	0.0172413793103448	0.909090909090909
"Plecoptera"	19	"hmm"	250	61	7	38	1	9	15	7	12	0.0263157894736842	0.777777777777778	20	0	16	14	22	2	2	0	1	0.0172413793103448	0.818181818181818
"Plecoptera"	20	"hmm"	255	61	9	38	1	9	15	6	10	0.0263157894736842	0.666666666666667	20	0	16	14	22	2	2	0	1	0.0172413793103448	0.727272727272727
"Plecoptera"	21	"hmm"	260	61	49	38	31	9	15	2	3	0.81578947368421	0.222222222222222	20	17	16	14	22	2	2	0.85	1	0.827586206896552	0.363636363636364
"Plecoptera"	22	"hmm"	265	61	61	38	38	9	15	0	0	1	0	20	20	16	14	22	2	0	1	0	1	0
"Plecoptera"	23	"hmm"	270	61	61	38	38	9	15	0	0	1	0	20	20	16	14	22	2	0	1	0	1	0
"Plecoptera"	24	"hmm"	275	61	61	38	38	9	15	0	0	1	0	20	20	16	14	22	2	0	1	0	1	0
"Plecoptera"	25	"hmm"	280	61	61	38	38	9	15	0	0	1	0	20	20	16	14	22	2	0	1	0	1	0
"Plecoptera"	26	"hmm"	285	61	61	38	38	9	15	0	0	1	0	20	20	16	14	22	2	0	1	0	1	0
"Plecoptera"	27	"hmm"	290	61	61	38	38	9	15	0	0	1	0	20	20	16	14	22	2	0	1	0	1	0
"Plecoptera"	28	"hmm"	295	61	61	38	38	9	15	0	0	1	0	20	20	16	14	22	2	0	1	0	1	0
"Plecoptera"	29	"hmm"	300	61	61	38	38	9	15	0	0	1	0	20	20	16	14	22	2	0	1	0	1	0
"Ephemeroptera"	1	"hmm"	160	46	0	39	0	1	1	1	1	0	1	14	0	28	12	18	3	3	0	1	0	1
"Ephemeroptera"	2	"hmm"	165	46	0	39	0	1	1	1	1	0	1	14	0	28	12	18	3	3	0	1	0	1
"Ephemeroptera"	3	"hmm"	170	46	0	39	0	1	1	1	1	0	1	14	0	28	12	18	3	3	0	1	0	1
"Ephemeroptera"	4	"hmm"	175	46	0	39	0	1	1	1	1	0	1	14	0	28	12	18	3	3	0	1	0	1
"Ephemeroptera"	5	"hmm"	180	46	0	39	0	1	1	1	1	0	1	14	0	28	12	18	3	3	0	1	0	1
"Ephemeroptera"	6	"hmm"	185	46	0	39	0	1	1	1	1	0	1	14	0	28	12	18	3	3	0	1	0	1
"Ephemeroptera"	7	"hmm"	190	46	0	39	0	1	1	1	1	0	1	14	0	28	12	18	3	3	0	1	0	1
"Ephemeroptera"	8	"hmm"	195	46	0	39	0	1	1	1	1	0	1	14	0	28	12	18	3	3	0	1	0	1
"Ephemeroptera"	9	"hmm"	200	46	0	39	0	1	1	1	1	0	1	14	0	28	12	18	3	3	0	1	0	1
"Ephemeroptera"	10	"hmm"	205	46	0	39	0	1	1	1	1	0	1	14	0	28	12	18	3	3	0	1	0	1
"Ephemeroptera"	11	"hmm"	210	46	0	39	0	1	1	1	1	0	1	14	0	28	12	18	3	3	0	1	0	1
"Ephemeroptera"	12	"hmm"	215	46	0	39	0	1	1	1	1	0	1	14	0	28	12	18	3	3	0	1	0	1
"Ephemeroptera"	13	"hmm"	220	46	0	39	0	1	1	1	1	0	1	14	0	28	12	18	3	3	0	1	0	1
"Ephemeroptera"	14	"hmm"	225	46	0	39	0	1	1	1	1	0	1	14	0	28	12	18	3	3	0	1	0	1
"Ephemeroptera"	15	"hmm"	230	46	0	39	0	1	1	1	1	0	1	14	0	28	12	18	3	3	0	1	0	1
"Ephemeroptera"	16	"hmm"	235	46	0	39	0	1	1	1	1	0	1	14	0	28	12	18	3	3	0	1	0	1
"Ephemeroptera"	17	"hmm"	240	46	0	39	0	1	1	1	1	0	1	14	0	28	12	18	3	3	0	1	0	1
"Ephemeroptera"	18	"hmm"	245	46	0	39	0	1	1	1	1	0	1	14	0	28	12	18	3	3	0	1	0	1
"Ephemeroptera"	19	"hmm"	250	46	0	39	0	1	1	1	1	0	1	14	0	28	12	18	3	3	0	1	0	1
"Ephemeroptera"	20	"hmm"	255	46	1	39	0	1	1	0	0	0	0	14	0	28	12	18	3	3	0	1	0	0.75
"Ephemeroptera"	21	"hmm"	260	46	33	39	27	1	1	0	0	0.692307692307692	0	14	8	28	12	18	3	3	0.571428571428571	1	0.660377358490566	0.75
"Ephemeroptera"	22	"hmm"	265	46	46	39	39	1	1	0	0	1	0	14	14	28	12	18	3	0	1	0	1	0
"Ephemeroptera"	23	"hmm"	270	46	46	39	39	1	1	0	0	1	0	14	14	28	12	18	3	0	1	0	1	0
"Ephemeroptera"	24	"hmm"	275	46	46	39	39	1	1	0	0	1	0	14	14	28	12	18	3	0	1	0	1	0
"Ephemeroptera"	25	"hmm"	280	46	46	39	39	1	1	0	0	1	0	14	14	28	12	18	3	0	1	0	1	0
"Ephemeroptera"	26	"hmm"	285	46	46	39	39	1	1	0	0	1	0	14	14	28	12	18	3	0	1	0	1	0
"Ephemeroptera"	27	"hmm"	290	46	46	39	39	1	1	0	0	1	0	14	14	28	12	18	3	0	1	0	1	0
"Ephemeroptera"	28	"hmm"	295	46	46	39	39	1	1	0	0	1	0	14	14	28	12	18	3	0	1	0	1	0
"Ephemeroptera"	29	"hmm"	300	46	46	39	39	1	1	0	0	1	0	14	14	28	12	18	3	0	1	0	1	0
"Poduromorpha"	1	"hmm"	160	373	0	83	0	36	115	36	115	0	1	0	0	1	1	1	0	0	NA	NA	0	1
"Poduromorpha"	2	"hmm"	165	373	0	83	0	36	115	36	115	0	1	0	0	1	1	1	0	0	NA	NA	0	1
"Poduromorpha"	3	"hmm"	170	373	0	83	0	36	115	36	115	0	1	0	0	1	1	1	0	0	NA	NA	0	1
"Poduromorpha"	4	"hmm"	175	373	0	83	0	36	115	36	115	0	1	0	0	1	1	1	0	0	NA	NA	0	1
"Poduromorpha"	5	"hmm"	180	373	0	83	0	36	115	36	115	0	1	0	0	1	1	1	0	0	NA	NA	0	1
"Poduromorpha"	6	"hmm"	185	373	0	83	0	36	115	36	115	0	1	0	0	1	1	1	0	0	NA	NA	0	1
"Poduromorpha"	7	"hmm"	190	373	0	83	0	36	115	36	115	0	1	0	0	1	1	1	0	0	NA	NA	0	1
"Poduromorpha"	8	"hmm"	195	373	0	83	0	36	115	36	115	0	1	0	0	1	1	1	0	0	NA	NA	0	1
"Poduromorpha"	9	"hmm"	200	373	0	83	0	36	115	36	115	0	1	0	0	1	1	1	0	0	NA	NA	0	1
"Poduromorpha"	10	"hmm"	205	373	0	83	0	36	115	36	115	0	1	0	0	1	1	1	0	0	NA	NA	0	1
"Poduromorpha"	11	"hmm"	210	373	0	83	0	36	115	36	115	0	1	0	0	1	1	1	0	0	NA	NA	0	1
"Poduromorpha"	12	"hmm"	215	373	0	83	0	36	115	36	115	0	1	0	0	1	1	1	0	0	NA	NA	0	1
"Poduromorpha"	13	"hmm"	220	373	1	83	0	36	115	36	114	0	1	0	0	1	1	1	0	0	NA	NA	0	1
"Poduromorpha"	14	"hmm"	225	373	2	83	0	36	115	36	114	0	1	0	0	1	1	1	0	0	NA	NA	0	1
"Poduromorpha"	15	"hmm"	230	373	6	83	0	36	115	36	114	0	1	0	0	1	1	1	0	0	NA	NA	0	1
"Poduromorpha"	16	"hmm"	235	373	12	83	0	36	115	36	112	0	1	0	0	1	1	1	0	0	NA	NA	0	1
"Poduromorpha"	17	"hmm"	240	373	18	83	0	36	115	36	110	0	1	0	0	1	1	1	0	0	NA	NA	0	1
"Poduromorpha"	18	"hmm"	245	373	32	83	0	36	115	36	102	0	1	0	0	1	1	1	0	0	NA	NA	0	1
"Poduromorpha"	19	"hmm"	250	373	60	83	0	36	115	36	92	0	1	0	0	1	1	1	0	0	NA	NA	0	1
"Poduromorpha"	20	"hmm"	255	373	133	83	8	36	115	30	71	0.0963855421686747	0.833333333333333	0	0	1	1	1	0	0	NA	NA	0.0963855421686747	0.833333333333333
"Poduromorpha"	21	"hmm"	260	373	369	83	80	36	115	1	1	0.963855421686747	0.0277777777777778	0	0	1	1	1	0	0	NA	NA	0.963855421686747	0.0277777777777778
"Poduromorpha"	22	"hmm"	265	373	373	83	83	36	115	0	0	1	0	0	0	1	1	1	0	0	NA	NA	1	0
"Poduromorpha"	23	"hmm"	270	373	373	83	83	36	115	0	0	1	0	0	0	1	1	1	0	0	NA	NA	1	0
"Poduromorpha"	24	"hmm"	275	373	373	83	83	36	115	0	0	1	0	0	0	1	1	1	0	0	NA	NA	1	0
"Poduromorpha"	25	"hmm"	280	373	373	83	83	36	115	0	0	1	0	0	0	1	1	1	0	0	NA	NA	1	0
"Poduromorpha"	26	"hmm"	285	373	373	83	83	36	115	0	0	1	0	0	0	1	1	1	0	0	NA	NA	1	0
"Poduromorpha"	27	"hmm"	290	373	373	83	83	36	115	0	0	1	0	0	0	1	1	1	0	0	NA	NA	1	0
"Poduromorpha"	28	"hmm"	295	373	373	83	83	36	115	0	0	1	0	0	0	1	1	1	0	0	NA	NA	1	0
"Poduromorpha"	29	"hmm"	300	373	373	83	83	36	115	0	0	1	0	0	0	1	1	1	0	0	NA	NA	1	0
"Megaloptera"	1	"hmm"	160	3	0	1	0	1	1	1	1	0	1	0	0	0	0	0	0	0	NA	NA	0	1
"Megaloptera"	2	"hmm"	165	3	0	1	0	1	1	1	1	0	1	0	0	0	0	0	0	0	NA	NA	0	1
"Megaloptera"	3	"hmm"	170	3	0	1	0	1	1	1	1	0	1	0	0	0	0	0	0	0	NA	NA	0	1
"Megaloptera"	4	"hmm"	175	3	0	1	0	1	1	1	1	0	1	0	0	0	0	0	0	0	NA	NA	0	1
"Megaloptera"	5	"hmm"	180	3	0	1	0	1	1	1	1	0	1	0	0	0	0	0	0	0	NA	NA	0	1
"Megaloptera"	6	"hmm"	185	3	0	1	0	1	1	1	1	0	1	0	0	0	0	0	0	0	NA	NA	0	1
"Megaloptera"	7	"hmm"	190	3	0	1	0	1	1	1	1	0	1	0	0	0	0	0	0	0	NA	NA	0	1
"Megaloptera"	8	"hmm"	195	3	0	1	0	1	1	1	1	0	1	0	0	0	0	0	0	0	NA	NA	0	1
"Megaloptera"	9	"hmm"	200	3	0	1	0	1	1	1	1	0	1	0	0	0	0	0	0	0	NA	NA	0	1
"Megaloptera"	10	"hmm"	205	3	0	1	0	1	1	1	1	0	1	0	0	0	0	0	0	0	NA	NA	0	1
"Megaloptera"	11	"hmm"	210	3	0	1	0	1	1	1	1	0	1	0	0	0	0	0	0	0	NA	NA	0	1
"Megaloptera"	12	"hmm"	215	3	0	1	0	1	1	1	1	0	1	0	0	0	0	0	0	0	NA	NA	0	1
"Megaloptera"	13	"hmm"	220	3	0	1	0	1	1	1	1	0	1	0	0	0	0	0	0	0	NA	NA	0	1
"Megaloptera"	14	"hmm"	225	3	1	1	0	1	1	0	0	0	0	0	0	0	0	0	0	0	NA	NA	0	0
"Megaloptera"	15	"hmm"	230	3	1	1	0	1	1	0	0	0	0	0	0	0	0	0	0	0	NA	NA	0	0
"Megaloptera"	16	"hmm"	235	3	1	1	0	1	1	0	0	0	0	0	0	0	0	0	0	0	NA	NA	0	0
"Megaloptera"	17	"hmm"	240	3	1	1	0	1	1	0	0	0	0	0	0	0	0	0	0	0	NA	NA	0	0
"Megaloptera"	18	"hmm"	245	3	1	1	0	1	1	0	0	0	0	0	0	0	0	0	0	0	NA	NA	0	0
"Megaloptera"	19	"hmm"	250	3	1	1	0	1	1	0	0	0	0	0	0	0	0	0	0	0	NA	NA	0	0
"Megaloptera"	20	"hmm"	255	3	1	1	0	1	1	0	0	0	0	0	0	0	0	0	0	0	NA	NA	0	0
"Megaloptera"	21	"hmm"	260	3	1	1	0	1	1	0	0	0	0	0	0	0	0	0	0	0	NA	NA	0	0
"Megaloptera"	22	"hmm"	265	3	3	1	1	1	1	0	0	1	0	0	0	0	0	0	0	0	NA	NA	1	0
"Megaloptera"	23	"hmm"	270	3	3	1	1	1	1	0	0	1	0	0	0	0	0	0	0	0	NA	NA	1	0
"Megaloptera"	24	"hmm"	275	3	3	1	1	1	1	0	0	1	0	0	0	0	0	0	0	0	NA	NA	1	0
"Megaloptera"	25	"hmm"	280	3	3	1	1	1	1	0	0	1	0	0	0	0	0	0	0	0	NA	NA	1	0
"Megaloptera"	26	"hmm"	285	3	3	1	1	1	1	0	0	1	0	0	0	0	0	0	0	0	NA	NA	1	0
"Megaloptera"	27	"hmm"	290	3	3	1	1	1	1	0	0	1	0	0	0	0	0	0	0	0	NA	NA	1	0
"Megaloptera"	28	"hmm"	295	3	3	1	1	1	1	0	0	1	0	0	0	0	0	0	0	0	NA	NA	1	0
"Megaloptera"	29	"hmm"	300	3	3	1	1	1	1	0	0	1	0	0	0	0	0	0	0	0	NA	NA	1	0
"Neuroptera"	1	"hmm"	160	99	0	58	0	1	1	1	1	0	1	28	0	7	2	4	2	2	0	1	0	1
"Neuroptera"	2	"hmm"	165	99	0	58	0	1	1	1	1	0	1	28	0	7	2	4	2	2	0	1	0	1
"Neuroptera"	3	"hmm"	170	99	0	58	0	1	1	1	1	0	1	28	0	7	2	4	2	2	0	1	0	1
"Neuroptera"	4	"hmm"	175	99	0	58	0	1	1	1	1	0	1	28	0	7	2	4	2	2	0	1	0	1
"Neuroptera"	5	"hmm"	180	99	0	58	0	1	1	1	1	0	1	28	0	7	2	4	2	2	0	1	0	1
"Neuroptera"	6	"hmm"	185	99	0	58	0	1	1	1	1	0	1	28	0	7	2	4	2	2	0	1	0	1
"Neuroptera"	7	"hmm"	190	99	0	58	0	1	1	1	1	0	1	28	0	7	2	4	2	2	0	1	0	1
"Neuroptera"	8	"hmm"	195	99	0	58	0	1	1	1	1	0	1	28	0	7	2	4	2	2	0	1	0	1
"Neuroptera"	9	"hmm"	200	99	0	58	0	1	1	1	1	0	1	28	0	7	2	4	2	2	0	1	0	1
"Neuroptera"	10	"hmm"	205	99	0	58	0	1	1	1	1	0	1	28	0	7	2	4	2	2	0	1	0	1
"Neuroptera"	11	"hmm"	210	99	0	58	0	1	1	1	1	0	1	28	0	7	2	4	2	2	0	1	0	1
"Neuroptera"	12	"hmm"	215	99	0	58	0	1	1	1	1	0	1	28	0	7	2	4	2	2	0	1	0	1
"Neuroptera"	13	"hmm"	220	99	0	58	0	1	1	1	1	0	1	28	0	7	2	4	2	2	0	1	0	1
"Neuroptera"	14	"hmm"	225	99	0	58	0	1	1	1	1	0	1	28	0	7	2	4	2	2	0	1	0	1
"Neuroptera"	15	"hmm"	230	99	0	58	0	1	1	1	1	0	1	28	0	7	2	4	2	2	0	1	0	1
"Neuroptera"	16	"hmm"	235	99	0	58	0	1	1	1	1	0	1	28	0	7	2	4	2	2	0	1	0	1
"Neuroptera"	17	"hmm"	240	99	0	58	0	1	1	1	1	0	1	28	0	7	2	4	2	2	0	1	0	1
"Neuroptera"	18	"hmm"	245	99	2	58	0	1	1	1	1	0	1	28	0	7	2	4	2	2	0	1	0	1
"Neuroptera"	19	"hmm"	250	99	8	58	0	1	1	1	1	0	1	28	0	7	2	4	2	2	0	1	0	1
"Neuroptera"	20	"hmm"	255	99	13	58	0	1	1	1	1	0	1	28	0	7	2	4	2	1	0	0.5	0	0.666666666666667
"Neuroptera"	21	"hmm"	260	99	45	58	23	1	1	1	1	0.396551724137931	1	28	13	7	2	4	2	1	0.464285714285714	0.5	0.418604651162791	0.666666666666667
"Neuroptera"	22	"hmm"	265	99	99	58	58	1	1	0	0	1	0	28	28	7	2	4	2	0	1	0	1	0
"Neuroptera"	23	"hmm"	270	99	99	58	58	1	1	0	0	1	0	28	28	7	2	4	2	0	1	0	1	0
"Neuroptera"	24	"hmm"	275	99	99	58	58	1	1	0	0	1	0	28	28	7	2	4	2	0	1	0	1	0
"Neuroptera"	25	"hmm"	280	99	99	58	58	1	1	0	0	1	0	28	28	7	2	4	2	0	1	0	1	0
"Neuroptera"	26	"hmm"	285	99	99	58	58	1	1	0	0	1	0	28	28	7	2	4	2	0	1	0	1	0
"Neuroptera"	27	"hmm"	290	99	99	58	58	1	1	0	0	1	0	28	28	7	2	4	2	0	1	0	1	0
"Neuroptera"	28	"hmm"	295	99	99	58	58	1	1	0	0	1	0	28	28	7	2	4	2	0	1	0	1	0
"Neuroptera"	29	"hmm"	300	99	99	58	58	1	1	0	0	1	0	28	28	7	2	4	2	0	1	0	1	0
"Siphonaptera"	1	"hmm"	160	6	0	3	0	0	0	0	0	0	NA	1	0	3	1	1	0	0	0	NA	0	NA
"Siphonaptera"	2	"hmm"	165	6	0	3	0	0	0	0	0	0	NA	1	0	3	1	1	0	0	0	NA	0	NA
"Siphonaptera"	3	"hmm"	170	6	0	3	0	0	0	0	0	0	NA	1	0	3	1	1	0	0	0	NA	0	NA
"Siphonaptera"	4	"hmm"	175	6	0	3	0	0	0	0	0	0	NA	1	0	3	1	1	0	0	0	NA	0	NA
"Siphonaptera"	5	"hmm"	180	6	0	3	0	0	0	0	0	0	NA	1	0	3	1	1	0	0	0	NA	0	NA
"Siphonaptera"	6	"hmm"	185	6	0	3	0	0	0	0	0	0	NA	1	0	3	1	1	0	0	0	NA	0	NA
"Siphonaptera"	7	"hmm"	190	6	0	3	0	0	0	0	0	0	NA	1	0	3	1	1	0	0	0	NA	0	NA
"Siphonaptera"	8	"hmm"	195	6	0	3	0	0	0	0	0	0	NA	1	0	3	1	1	0	0	0	NA	0	NA
"Siphonaptera"	9	"hmm"	200	6	0	3	0	0	0	0	0	0	NA	1	0	3	1	1	0	0	0	NA	0	NA
"Siphonaptera"	10	"hmm"	205	6	0	3	0	0	0	0	0	0	NA	1	0	3	1	1	0	0	0	NA	0	NA
"Siphonaptera"	11	"hmm"	210	6	0	3	0	0	0	0	0	0	NA	1	0	3	1	1	0	0	0	NA	0	NA
"Siphonaptera"	12	"hmm"	215	6	0	3	0	0	0	0	0	0	NA	1	0	3	1	1	0	0	0	NA	0	NA
"Siphonaptera"	13	"hmm"	220	6	0	3	0	0	0	0	0	0	NA	1	0	3	1	1	0	0	0	NA	0	NA
"Siphonaptera"	14	"hmm"	225	6	0	3	0	0	0	0	0	0	NA	1	0	3	1	1	0	0	0	NA	0	NA
"Siphonaptera"	15	"hmm"	230	6	0	3	0	0	0	0	0	0	NA	1	0	3	1	1	0	0	0	NA	0	NA
"Siphonaptera"	16	"hmm"	235	6	0	3	0	0	0	0	0	0	NA	1	0	3	1	1	0	0	0	NA	0	NA
"Siphonaptera"	17	"hmm"	240	6	0	3	0	0	0	0	0	0	NA	1	0	3	1	1	0	0	0	NA	0	NA
"Siphonaptera"	18	"hmm"	245	6	0	3	0	0	0	0	0	0	NA	1	0	3	1	1	0	0	0	NA	0	NA
"Siphonaptera"	19	"hmm"	250	6	0	3	0	0	0	0	0	0	NA	1	0	3	1	1	0	0	0	NA	0	NA
"Siphonaptera"	20	"hmm"	255	6	0	3	0	0	0	0	0	0	NA	1	0	3	1	1	0	0	0	NA	0	NA
"Siphonaptera"	21	"hmm"	260	6	2	3	0	0	0	0	0	0	NA	1	0	3	1	1	0	0	0	NA	0	NA
"Siphonaptera"	22	"hmm"	265	6	6	3	3	0	0	0	0	1	NA	1	1	3	1	1	0	0	1	NA	1	NA
"Siphonaptera"	23	"hmm"	270	6	6	3	3	0	0	0	0	1	NA	1	1	3	1	1	0	0	1	NA	1	NA
"Siphonaptera"	24	"hmm"	275	6	6	3	3	0	0	0	0	1	NA	1	1	3	1	1	0	0	1	NA	1	NA
"Siphonaptera"	25	"hmm"	280	6	6	3	3	0	0	0	0	1	NA	1	1	3	1	1	0	0	1	NA	1	NA
"Siphonaptera"	26	"hmm"	285	6	6	3	3	0	0	0	0	1	NA	1	1	3	1	1	0	0	1	NA	1	NA
"Siphonaptera"	27	"hmm"	290	6	6	3	3	0	0	0	0	1	NA	1	1	3	1	1	0	0	1	NA	1	NA
"Siphonaptera"	28	"hmm"	295	6	6	3	3	0	0	0	0	1	NA	1	1	3	1	1	0	0	1	NA	1	NA
"Siphonaptera"	29	"hmm"	300	6	6	3	3	0	0	0	0	1	NA	1	1	3	1	1	0	0	1	NA	1	NA
"Blattodea"	1	"hmm"	160	36	0	5	0	2	18	2	18	0	1	0	0	0	0	0	0	0	NA	NA	0	1
"Blattodea"	2	"hmm"	165	36	0	5	0	2	18	2	18	0	1	0	0	0	0	0	0	0	NA	NA	0	1
"Blattodea"	3	"hmm"	170	36	0	5	0	2	18	2	18	0	1	0	0	0	0	0	0	0	NA	NA	0	1
"Blattodea"	4	"hmm"	175	36	0	5	0	2	18	2	18	0	1	0	0	0	0	0	0	0	NA	NA	0	1
"Blattodea"	5	"hmm"	180	36	0	5	0	2	18	2	18	0	1	0	0	0	0	0	0	0	NA	NA	0	1
"Blattodea"	6	"hmm"	185	36	0	5	0	2	18	2	18	0	1	0	0	0	0	0	0	0	NA	NA	0	1
"Blattodea"	7	"hmm"	190	36	0	5	0	2	18	2	18	0	1	0	0	0	0	0	0	0	NA	NA	0	1
"Blattodea"	8	"hmm"	195	36	0	5	0	2	18	2	18	0	1	0	0	0	0	0	0	0	NA	NA	0	1
"Blattodea"	9	"hmm"	200	36	0	5	0	2	18	2	18	0	1	0	0	0	0	0	0	0	NA	NA	0	1
"Blattodea"	10	"hmm"	205	36	0	5	0	2	18	2	18	0	1	0	0	0	0	0	0	0	NA	NA	0	1
"Blattodea"	11	"hmm"	210	36	0	5	0	2	18	2	18	0	1	0	0	0	0	0	0	0	NA	NA	0	1
"Blattodea"	12	"hmm"	215	36	0	5	0	2	18	2	18	0	1	0	0	0	0	0	0	0	NA	NA	0	1
"Blattodea"	13	"hmm"	220	36	0	5	0	2	18	2	18	0	1	0	0	0	0	0	0	0	NA	NA	0	1
"Blattodea"	14	"hmm"	225	36	0	5	0	2	18	2	18	0	1	0	0	0	0	0	0	0	NA	NA	0	1
"Blattodea"	15	"hmm"	230	36	0	5	0	2	18	2	18	0	1	0	0	0	0	0	0	0	NA	NA	0	1
"Blattodea"	16	"hmm"	235	36	0	5	0	2	18	2	18	0	1	0	0	0	0	0	0	0	NA	NA	0	1
"Blattodea"	17	"hmm"	240	36	2	5	0	2	18	2	17	0	1	0	0	0	0	0	0	0	NA	NA	0	1
"Blattodea"	18	"hmm"	245	36	4	5	0	2	18	2	15	0	1	0	0	0	0	0	0	0	NA	NA	0	1
"Blattodea"	19	"hmm"	250	36	7	5	0	2	18	2	13	0	1	0	0	0	0	0	0	0	NA	NA	0	1
"Blattodea"	20	"hmm"	255	36	19	5	1	2	18	2	8	0.2	1	0	0	0	0	0	0	0	NA	NA	0.2	1
"Blattodea"	21	"hmm"	260	36	35	5	4	2	18	0	0	0.8	0	0	0	0	0	0	0	0	NA	NA	0.8	0
"Blattodea"	22	"hmm"	265	36	36	5	5	2	18	0	0	1	0	0	0	0	0	0	0	0	NA	NA	1	0
"Blattodea"	23	"hmm"	270	36	36	5	5	2	18	0	0	1	0	0	0	0	0	0	0	0	NA	NA	1	0
"Blattodea"	24	"hmm"	275	36	36	5	5	2	18	0	0	1	0	0	0	0	0	0	0	0	NA	NA	1	0
"Blattodea"	25	"hmm"	280	36	36	5	5	2	18	0	0	1	0	0	0	0	0	0	0	0	NA	NA	1	0
"Blattodea"	26	"hmm"	285	36	36	5	5	2	18	0	0	1	0	0	0	0	0	0	0	0	NA	NA	1	0
"Blattodea"	27	"hmm"	290	36	36	5	5	2	18	0	0	1	0	0	0	0	0	0	0	0	NA	NA	1	0
"Blattodea"	28	"hmm"	295	36	36	5	5	2	18	0	0	1	0	0	0	0	0	0	0	0	NA	NA	1	0
"Blattodea"	29	"hmm"	300	36	36	5	5	2	18	0	0	1	0	0	0	0	0	0	0	0	NA	NA	1	0
"Zygentoma"	1	"hmm"	160	6	0	1	0	1	5	1	5	0	1	0	0	3	1	6	0	0	NA	NA	0	1
"Zygentoma"	2	"hmm"	165	6	0	1	0	1	5	1	5	0	1	0	0	3	1	6	0	0	NA	NA	0	1
"Zygentoma"	3	"hmm"	170	6	0	1	0	1	5	1	5	0	1	0	0	3	1	6	0	0	NA	NA	0	1
"Zygentoma"	4	"hmm"	175	6	0	1	0	1	5	1	5	0	1	0	0	3	1	6	0	0	NA	NA	0	1
"Zygentoma"	5	"hmm"	180	6	0	1	0	1	5	1	5	0	1	0	0	3	1	6	0	0	NA	NA	0	1
"Zygentoma"	6	"hmm"	185	6	0	1	0	1	5	1	5	0	1	0	0	3	1	6	0	0	NA	NA	0	1
"Zygentoma"	7	"hmm"	190	6	0	1	0	1	5	1	5	0	1	0	0	3	1	6	0	0	NA	NA	0	1
"Zygentoma"	8	"hmm"	195	6	0	1	0	1	5	1	5	0	1	0	0	3	1	6	0	0	NA	NA	0	1
"Zygentoma"	9	"hmm"	200	6	0	1	0	1	5	1	5	0	1	0	0	3	1	6	0	0	NA	NA	0	1
"Zygentoma"	10	"hmm"	205	6	0	1	0	1	5	1	5	0	1	0	0	3	1	6	0	0	NA	NA	0	1
"Zygentoma"	11	"hmm"	210	6	0	1	0	1	5	1	5	0	1	0	0	3	1	6	0	0	NA	NA	0	1
"Zygentoma"	12	"hmm"	215	6	0	1	0	1	5	1	5	0	1	0	0	3	1	6	0	0	NA	NA	0	1
"Zygentoma"	13	"hmm"	220	6	0	1	0	1	5	1	5	0	1	0	0	3	1	6	0	0	NA	NA	0	1
"Zygentoma"	14	"hmm"	225	6	0	1	0	1	5	1	5	0	1	0	0	3	1	6	0	0	NA	NA	0	1
"Zygentoma"	15	"hmm"	230	6	0	1	0	1	5	1	5	0	1	0	0	3	1	6	0	0	NA	NA	0	1
"Zygentoma"	16	"hmm"	235	6	0	1	0	1	5	1	5	0	1	0	0	3	1	6	0	0	NA	NA	0	1
"Zygentoma"	17	"hmm"	240	6	0	1	0	1	5	1	5	0	1	0	0	3	1	6	0	0	NA	NA	0	1
"Zygentoma"	18	"hmm"	245	6	0	1	0	1	5	1	5	0	1	0	0	3	1	6	0	0	NA	NA	0	1
"Zygentoma"	19	"hmm"	250	6	1	1	0	1	5	1	4	0	1	0	0	3	1	6	0	0	NA	NA	0	1
"Zygentoma"	20	"hmm"	255	6	3	1	0	1	5	1	2	0	1	0	0	3	1	6	0	0	NA	NA	0	1
"Zygentoma"	21	"hmm"	260	6	6	1	1	1	5	0	0	1	0	0	0	3	1	6	0	0	NA	NA	1	0
"Zygentoma"	22	"hmm"	265	6	6	1	1	1	5	0	0	1	0	0	0	3	1	6	0	0	NA	NA	1	0
"Zygentoma"	23	"hmm"	270	6	6	1	1	1	5	0	0	1	0	0	0	3	1	6	0	0	NA	NA	1	0
"Zygentoma"	24	"hmm"	275	6	6	1	1	1	5	0	0	1	0	0	0	3	1	6	0	0	NA	NA	1	0
"Zygentoma"	25	"hmm"	280	6	6	1	1	1	5	0	0	1	0	0	0	3	1	6	0	0	NA	NA	1	0
"Zygentoma"	26	"hmm"	285	6	6	1	1	1	5	0	0	1	0	0	0	3	1	6	0	0	NA	NA	1	0
"Zygentoma"	27	"hmm"	290	6	6	1	1	1	5	0	0	1	0	0	0	3	1	6	0	0	NA	NA	1	0
"Zygentoma"	28	"hmm"	295	6	6	1	1	1	5	0	0	1	0	0	0	3	1	6	0	0	NA	NA	1	0
"Zygentoma"	29	"hmm"	300	6	6	1	1	1	5	0	0	1	0	0	0	3	1	6	0	0	NA	NA	1	0
"Orthoptera"	1	"hmm"	160	1019	16	26	0	11	45	11	44	0	1	0	0	39	20	817	757	746	NA	0.985468956406869	0	0.985677083333333
"Orthoptera"	2	"hmm"	165	1019	18	26	0	11	45	11	44	0	1	0	0	39	20	817	757	744	NA	0.982826948480845	0	0.983072916666667
"Orthoptera"	3	"hmm"	170	1019	23	26	0	11	45	11	44	0	1	0	0	39	20	817	757	739	NA	0.976221928665786	0	0.9765625
"Orthoptera"	4	"hmm"	175	1019	25	26	0	11	45	11	44	0	1	0	0	39	20	817	757	738	NA	0.974900924702774	0	0.975260416666667
"Orthoptera"	5	"hmm"	180	1019	29	26	0	11	45	11	44	0	1	0	0	39	20	817	757	737	NA	0.973579920739762	0	0.973958333333333
"Orthoptera"	6	"hmm"	185	1019	32	26	0	11	45	11	44	0	1	0	0	39	20	817	757	735	NA	0.970937912813738	0	0.971354166666667
"Orthoptera"	7	"hmm"	190	1019	37	26	0	11	45	11	44	0	1	0	0	39	20	817	757	733	NA	0.968295904887715	0	0.96875
"Orthoptera"	8	"hmm"	195	1019	43	26	0	11	45	11	44	0	1	0	0	39	20	817	757	731	NA	0.965653896961691	0	0.966145833333333
"Orthoptera"	9	"hmm"	200	1019	49	26	0	11	45	11	44	0	1	0	0	39	20	817	757	727	NA	0.960369881109643	0	0.9609375
"Orthoptera"	10	"hmm"	205	1019	63	26	0	11	45	11	44	0	1	0	0	39	20	817	757	719	NA	0.949801849405548	0	0.950520833333333
"Orthoptera"	11	"hmm"	210	1019	87	26	0	11	45	11	44	0	1	0	0	39	20	817	757	708	NA	0.935270805812417	0	0.936197916666667
"Orthoptera"	12	"hmm"	215	1019	127	26	0	11	45	11	43	0	1	0	0	39	20	817	757	680	NA	0.898282694848085	0	0.899739583333333
"Orthoptera"	13	"hmm"	220	1019	194	26	0	11	45	11	40	0	1	0	0	39	20	817	757	625	NA	0.825627476882431	0	0.828125
"Orthoptera"	14	"hmm"	225	1019	278	26	0	11	45	11	37	0	1	0	0	39	20	817	757	558	NA	0.737120211360634	0	0.740885416666667
"Orthoptera"	15	"hmm"	230	1019	400	26	0	11	45	11	36	0	1	0	0	39	20	817	757	451	NA	0.595772787318362	0	0.6015625
"Orthoptera"	16	"hmm"	235	1019	565	26	0	11	45	11	31	0	1	0	0	39	20	817	757	300	NA	0.396301188903567	0	0.404947916666667
"Orthoptera"	17	"hmm"	240	1019	700	26	0	11	45	11	30	0	1	0	0	39	20	817	757	183	NA	0.241743725231176	0	0.252604166666667
"Orthoptera"	18	"hmm"	245	1019	817	26	2	11	45	11	28	0.0769230769230769	1	0	0	39	20	817	757	91	NA	0.120211360634082	0.0769230769230769	0.1328125
"Orthoptera"	19	"hmm"	250	1019	902	26	3	11	45	10	24	0.115384615384615	0.909090909090909	0	0	39	20	817	757	41	NA	0.0541611624834875	0.115384615384615	0.06640625
"Orthoptera"	20	"hmm"	255	1019	956	26	5	11	45	7	12	0.192307692307692	0.636363636363636	0	0	39	20	817	757	19	NA	0.0250990752972259	0.192307692307692	0.0338541666666667
"Orthoptera"	21	"hmm"	260	1019	1015	26	25	11	45	1	1	0.961538461538462	0.0909090909090909	0	0	39	20	817	757	0	NA	0	0.961538461538462	0.00130208333333333
"Orthoptera"	22	"hmm"	265	1019	1016	26	25	11	45	1	1	0.961538461538462	0.0909090909090909	0	0	39	20	817	757	0	NA	0	0.961538461538462	0.00130208333333333
"Orthoptera"	23	"hmm"	270	1019	1016	26	25	11	45	1	1	0.961538461538462	0.0909090909090909	0	0	39	20	817	757	0	NA	0	0.961538461538462	0.00130208333333333
"Orthoptera"	24	"hmm"	275	1019	1016	26	25	11	45	1	1	0.961538461538462	0.0909090909090909	0	0	39	20	817	757	0	NA	0	0.961538461538462	0.00130208333333333
"Orthoptera"	25	"hmm"	280	1019	1016	26	25	11	45	1	1	0.961538461538462	0.0909090909090909	0	0	39	20	817	757	0	NA	0	0.961538461538462	0.00130208333333333
"Orthoptera"	26	"hmm"	285	1019	1016	26	25	11	45	1	1	0.961538461538462	0.0909090909090909	0	0	39	20	817	757	0	NA	0	0.961538461538462	0.00130208333333333
"Orthoptera"	27	"hmm"	290	1019	1016	26	25	11	45	1	1	0.961538461538462	0.0909090909090909	0	0	39	20	817	757	0	NA	0	0.961538461538462	0.00130208333333333
"Orthoptera"	28	"hmm"	295	1019	1016	26	25	11	45	1	1	0.961538461538462	0.0909090909090909	0	0	39	20	817	757	0	NA	0	0.961538461538462	0.00130208333333333
"Orthoptera"	29	"hmm"	300	1019	1016	26	25	11	45	1	1	0.961538461538462	0.0909090909090909	0	0	39	20	817	757	0	NA	0	0.961538461538462	0.00130208333333333
"Dermaptera"	1	"hmm"	160	9	0	5	0	0	0	0	0	0	NA	0	0	4	3	6	1	1	NA	1	0	NA
"Dermaptera"	2	"hmm"	165	9	0	5	0	0	0	0	0	0	NA	0	0	4	3	6	1	1	NA	1	0	NA
"Dermaptera"	3	"hmm"	170	9	0	5	0	0	0	0	0	0	NA	0	0	4	3	6	1	1	NA	1	0	NA
"Dermaptera"	4	"hmm"	175	9	0	5	0	0	0	0	0	0	NA	0	0	4	3	6	1	1	NA	1	0	NA
"Dermaptera"	5	"hmm"	180	9	0	5	0	0	0	0	0	0	NA	0	0	4	3	6	1	1	NA	1	0	NA
"Dermaptera"	6	"hmm"	185	9	0	5	0	0	0	0	0	0	NA	0	0	4	3	6	1	1	NA	1	0	NA
"Dermaptera"	7	"hmm"	190	9	0	5	0	0	0	0	0	0	NA	0	0	4	3	6	1	1	NA	1	0	NA
"Dermaptera"	8	"hmm"	195	9	0	5	0	0	0	0	0	0	NA	0	0	4	3	6	1	1	NA	1	0	NA
"Dermaptera"	9	"hmm"	200	9	0	5	0	0	0	0	0	0	NA	0	0	4	3	6	1	1	NA	1	0	NA
"Dermaptera"	10	"hmm"	205	9	0	5	0	0	0	0	0	0	NA	0	0	4	3	6	1	1	NA	1	0	NA
"Dermaptera"	11	"hmm"	210	9	0	5	0	0	0	0	0	0	NA	0	0	4	3	6	1	1	NA	1	0	NA
"Dermaptera"	12	"hmm"	215	9	0	5	0	0	0	0	0	0	NA	0	0	4	3	6	1	1	NA	1	0	NA
"Dermaptera"	13	"hmm"	220	9	0	5	0	0	0	0	0	0	NA	0	0	4	3	6	1	1	NA	1	0	NA
"Dermaptera"	14	"hmm"	225	9	0	5	0	0	0	0	0	0	NA	0	0	4	3	6	1	1	NA	1	0	NA
"Dermaptera"	15	"hmm"	230	9	0	5	0	0	0	0	0	0	NA	0	0	4	3	6	1	1	NA	1	0	NA
"Dermaptera"	16	"hmm"	235	9	0	5	0	0	0	0	0	0	NA	0	0	4	3	6	1	1	NA	1	0	NA
"Dermaptera"	17	"hmm"	240	9	0	5	0	0	0	0	0	0	NA	0	0	4	3	6	1	1	NA	1	0	NA
"Dermaptera"	18	"hmm"	245	9	0	5	0	0	0	0	0	0	NA	0	0	4	3	6	1	1	NA	1	0	NA
"Dermaptera"	19	"hmm"	250	9	1	5	0	0	0	0	0	0	NA	0	0	4	3	6	1	1	NA	1	0	NA
"Dermaptera"	20	"hmm"	255	9	3	5	1	0	0	0	0	0.2	NA	0	0	4	3	6	1	1	NA	1	0.2	NA
"Dermaptera"	21	"hmm"	260	9	9	5	5	0	0	0	0	1	NA	0	0	4	3	6	1	0	NA	0	1	NA
"Dermaptera"	22	"hmm"	265	9	9	5	5	0	0	0	0	1	NA	0	0	4	3	6	1	0	NA	0	1	NA
"Dermaptera"	23	"hmm"	270	9	9	5	5	0	0	0	0	1	NA	0	0	4	3	6	1	0	NA	0	1	NA
"Dermaptera"	24	"hmm"	275	9	9	5	5	0	0	0	0	1	NA	0	0	4	3	6	1	0	NA	0	1	NA
"Dermaptera"	25	"hmm"	280	9	9	5	5	0	0	0	0	1	NA	0	0	4	3	6	1	0	NA	0	1	NA
"Dermaptera"	26	"hmm"	285	9	9	5	5	0	0	0	0	1	NA	0	0	4	3	6	1	0	NA	0	1	NA
"Dermaptera"	27	"hmm"	290	9	9	5	5	0	0	0	0	1	NA	0	0	4	3	6	1	0	NA	0	1	NA
"Dermaptera"	28	"hmm"	295	9	9	5	5	0	0	0	0	1	NA	0	0	4	3	6	1	0	NA	0	1	NA
"Dermaptera"	29	"hmm"	300	9	9	5	5	0	0	0	0	1	NA	0	0	4	3	6	1	0	NA	0	1	NA
"Psocoptera"	1	"hmm"	160	32	0	0	0	0	0	0	0	NA	NA	0	0	0	0	0	0	0	NA	NA	NA	NA
"Psocoptera"	2	"hmm"	165	32	0	0	0	0	0	0	0	NA	NA	0	0	0	0	0	0	0	NA	NA	NA	NA
"Psocoptera"	3	"hmm"	170	32	0	0	0	0	0	0	0	NA	NA	0	0	0	0	0	0	0	NA	NA	NA	NA
"Psocoptera"	4	"hmm"	175	32	0	0	0	0	0	0	0	NA	NA	0	0	0	0	0	0	0	NA	NA	NA	NA
"Psocoptera"	5	"hmm"	180	32	0	0	0	0	0	0	0	NA	NA	0	0	0	0	0	0	0	NA	NA	NA	NA
"Psocoptera"	6	"hmm"	185	32	0	0	0	0	0	0	0	NA	NA	0	0	0	0	0	0	0	NA	NA	NA	NA
"Psocoptera"	7	"hmm"	190	32	0	0	0	0	0	0	0	NA	NA	0	0	0	0	0	0	0	NA	NA	NA	NA
"Psocoptera"	8	"hmm"	195	32	0	0	0	0	0	0	0	NA	NA	0	0	0	0	0	0	0	NA	NA	NA	NA
"Psocoptera"	9	"hmm"	200	32	0	0	0	0	0	0	0	NA	NA	0	0	0	0	0	0	0	NA	NA	NA	NA
"Psocoptera"	10	"hmm"	205	32	0	0	0	0	0	0	0	NA	NA	0	0	0	0	0	0	0	NA	NA	NA	NA
"Psocoptera"	11	"hmm"	210	32	0	0	0	0	0	0	0	NA	NA	0	0	0	0	0	0	0	NA	NA	NA	NA
"Psocoptera"	12	"hmm"	215	32	0	0	0	0	0	0	0	NA	NA	0	0	0	0	0	0	0	NA	NA	NA	NA
"Psocoptera"	13	"hmm"	220	32	0	0	0	0	0	0	0	NA	NA	0	0	0	0	0	0	0	NA	NA	NA	NA
"Psocoptera"	14	"hmm"	225	32	0	0	0	0	0	0	0	NA	NA	0	0	0	0	0	0	0	NA	NA	NA	NA
"Psocoptera"	15	"hmm"	230	32	7	0	0	0	0	0	0	NA	NA	0	0	0	0	0	0	0	NA	NA	NA	NA
"Psocoptera"	16	"hmm"	235	32	9	0	0	0	0	0	0	NA	NA	0	0	0	0	0	0	0	NA	NA	NA	NA
"Psocoptera"	17	"hmm"	240	32	11	0	0	0	0	0	0	NA	NA	0	0	0	0	0	0	0	NA	NA	NA	NA
"Psocoptera"	18	"hmm"	245	32	13	0	0	0	0	0	0	NA	NA	0	0	0	0	0	0	0	NA	NA	NA	NA
"Psocoptera"	19	"hmm"	250	32	14	0	0	0	0	0	0	NA	NA	0	0	0	0	0	0	0	NA	NA	NA	NA
"Psocoptera"	20	"hmm"	255	32	15	0	0	0	0	0	0	NA	NA	0	0	0	0	0	0	0	NA	NA	NA	NA
"Psocoptera"	21	"hmm"	260	32	28	0	0	0	0	0	0	NA	NA	0	0	0	0	0	0	0	NA	NA	NA	NA
"Psocoptera"	22	"hmm"	265	32	32	0	0	0	0	0	0	NA	NA	0	0	0	0	0	0	0	NA	NA	NA	NA
"Psocoptera"	23	"hmm"	270	32	32	0	0	0	0	0	0	NA	NA	0	0	0	0	0	0	0	NA	NA	NA	NA
"Psocoptera"	24	"hmm"	275	32	32	0	0	0	0	0	0	NA	NA	0	0	0	0	0	0	0	NA	NA	NA	NA
"Psocoptera"	25	"hmm"	280	32	32	0	0	0	0	0	0	NA	NA	0	0	0	0	0	0	0	NA	NA	NA	NA
"Psocoptera"	26	"hmm"	285	32	32	0	0	0	0	0	0	NA	NA	0	0	0	0	0	0	0	NA	NA	NA	NA
"Psocoptera"	27	"hmm"	290	32	32	0	0	0	0	0	0	NA	NA	0	0	0	0	0	0	0	NA	NA	NA	NA
"Psocoptera"	28	"hmm"	295	32	32	0	0	0	0	0	0	NA	NA	0	0	0	0	0	0	0	NA	NA	NA	NA
"Psocoptera"	29	"hmm"	300	32	32	0	0	0	0	0	0	NA	NA	0	0	0	0	0	0	0	NA	NA	NA	NA
"Archaeognatha"	1	"hmm"	160	8	0	0	0	0	0	0	0	NA	NA	0	0	0	0	0	0	0	NA	NA	NA	NA
"Archaeognatha"	2	"hmm"	165	8	0	0	0	0	0	0	0	NA	NA	0	0	0	0	0	0	0	NA	NA	NA	NA
"Archaeognatha"	3	"hmm"	170	8	0	0	0	0	0	0	0	NA	NA	0	0	0	0	0	0	0	NA	NA	NA	NA
"Archaeognatha"	4	"hmm"	175	8	0	0	0	0	0	0	0	NA	NA	0	0	0	0	0	0	0	NA	NA	NA	NA
"Archaeognatha"	5	"hmm"	180	8	0	0	0	0	0	0	0	NA	NA	0	0	0	0	0	0	0	NA	NA	NA	NA
"Archaeognatha"	6	"hmm"	185	8	0	0	0	0	0	0	0	NA	NA	0	0	0	0	0	0	0	NA	NA	NA	NA
"Archaeognatha"	7	"hmm"	190	8	0	0	0	0	0	0	0	NA	NA	0	0	0	0	0	0	0	NA	NA	NA	NA
"Archaeognatha"	8	"hmm"	195	8	0	0	0	0	0	0	0	NA	NA	0	0	0	0	0	0	0	NA	NA	NA	NA
"Archaeognatha"	9	"hmm"	200	8	0	0	0	0	0	0	0	NA	NA	0	0	0	0	0	0	0	NA	NA	NA	NA
"Archaeognatha"	10	"hmm"	205	8	0	0	0	0	0	0	0	NA	NA	0	0	0	0	0	0	0	NA	NA	NA	NA
"Archaeognatha"	11	"hmm"	210	8	0	0	0	0	0	0	0	NA	NA	0	0	0	0	0	0	0	NA	NA	NA	NA
"Archaeognatha"	12	"hmm"	215	8	0	0	0	0	0	0	0	NA	NA	0	0	0	0	0	0	0	NA	NA	NA	NA
"Archaeognatha"	13	"hmm"	220	8	0	0	0	0	0	0	0	NA	NA	0	0	0	0	0	0	0	NA	NA	NA	NA
"Archaeognatha"	14	"hmm"	225	8	1	0	0	0	0	0	0	NA	NA	0	0	0	0	0	0	0	NA	NA	NA	NA
"Archaeognatha"	15	"hmm"	230	8	2	0	0	0	0	0	0	NA	NA	0	0	0	0	0	0	0	NA	NA	NA	NA
"Archaeognatha"	16	"hmm"	235	8	3	0	0	0	0	0	0	NA	NA	0	0	0	0	0	0	0	NA	NA	NA	NA
"Archaeognatha"	17	"hmm"	240	8	3	0	0	0	0	0	0	NA	NA	0	0	0	0	0	0	0	NA	NA	NA	NA
"Archaeognatha"	18	"hmm"	245	8	5	0	0	0	0	0	0	NA	NA	0	0	0	0	0	0	0	NA	NA	NA	NA
"Archaeognatha"	19	"hmm"	250	8	5	0	0	0	0	0	0	NA	NA	0	0	0	0	0	0	0	NA	NA	NA	NA
"Archaeognatha"	20	"hmm"	255	8	7	0	0	0	0	0	0	NA	NA	0	0	0	0	0	0	0	NA	NA	NA	NA
"Archaeognatha"	21	"hmm"	260	8	8	0	0	0	0	0	0	NA	NA	0	0	0	0	0	0	0	NA	NA	NA	NA
"Archaeognatha"	22	"hmm"	265	8	8	0	0	0	0	0	0	NA	NA	0	0	0	0	0	0	0	NA	NA	NA	NA
"Archaeognatha"	23	"hmm"	270	8	8	0	0	0	0	0	0	NA	NA	0	0	0	0	0	0	0	NA	NA	NA	NA
"Archaeognatha"	24	"hmm"	275	8	8	0	0	0	0	0	0	NA	NA	0	0	0	0	0	0	0	NA	NA	NA	NA
"Archaeognatha"	25	"hmm"	280	8	8	0	0	0	0	0	0	NA	NA	0	0	0	0	0	0	0	NA	NA	NA	NA
"Archaeognatha"	26	"hmm"	285	8	8	0	0	0	0	0	0	NA	NA	0	0	0	0	0	0	0	NA	NA	NA	NA
"Archaeognatha"	27	"hmm"	290	8	8	0	0	0	0	0	0	NA	NA	0	0	0	0	0	0	0	NA	NA	NA	NA
"Archaeognatha"	28	"hmm"	295	8	8	0	0	0	0	0	0	NA	NA	0	0	0	0	0	0	0	NA	NA	NA	NA
"Archaeognatha"	29	"hmm"	300	8	8	0	0	0	0	0	0	NA	NA	0	0	0	0	0	0	0	NA	NA	NA	NA
"Raphidioptera"	1	"hmm"	160	3	0	3	0	0	0	0	0	0	NA	0	0	0	0	0	0	0	NA	NA	0	NA
"Raphidioptera"	2	"hmm"	165	3	0	3	0	0	0	0	0	0	NA	0	0	0	0	0	0	0	NA	NA	0	NA
"Raphidioptera"	3	"hmm"	170	3	0	3	0	0	0	0	0	0	NA	0	0	0	0	0	0	0	NA	NA	0	NA
"Raphidioptera"	4	"hmm"	175	3	0	3	0	0	0	0	0	0	NA	0	0	0	0	0	0	0	NA	NA	0	NA
"Raphidioptera"	5	"hmm"	180	3	0	3	0	0	0	0	0	0	NA	0	0	0	0	0	0	0	NA	NA	0	NA
"Raphidioptera"	6	"hmm"	185	3	0	3	0	0	0	0	0	0	NA	0	0	0	0	0	0	0	NA	NA	0	NA
"Raphidioptera"	7	"hmm"	190	3	0	3	0	0	0	0	0	0	NA	0	0	0	0	0	0	0	NA	NA	0	NA
"Raphidioptera"	8	"hmm"	195	3	0	3	0	0	0	0	0	0	NA	0	0	0	0	0	0	0	NA	NA	0	NA
"Raphidioptera"	9	"hmm"	200	3	0	3	0	0	0	0	0	0	NA	0	0	0	0	0	0	0	NA	NA	0	NA
"Raphidioptera"	10	"hmm"	205	3	0	3	0	0	0	0	0	0	NA	0	0	0	0	0	0	0	NA	NA	0	NA
"Raphidioptera"	11	"hmm"	210	3	0	3	0	0	0	0	0	0	NA	0	0	0	0	0	0	0	NA	NA	0	NA
"Raphidioptera"	12	"hmm"	215	3	0	3	0	0	0	0	0	0	NA	0	0	0	0	0	0	0	NA	NA	0	NA
"Raphidioptera"	13	"hmm"	220	3	0	3	0	0	0	0	0	0	NA	0	0	0	0	0	0	0	NA	NA	0	NA
"Raphidioptera"	14	"hmm"	225	3	0	3	0	0	0	0	0	0	NA	0	0	0	0	0	0	0	NA	NA	0	NA
"Raphidioptera"	15	"hmm"	230	3	0	3	0	0	0	0	0	0	NA	0	0	0	0	0	0	0	NA	NA	0	NA
"Raphidioptera"	16	"hmm"	235	3	0	3	0	0	0	0	0	0	NA	0	0	0	0	0	0	0	NA	NA	0	NA
"Raphidioptera"	17	"hmm"	240	3	0	3	0	0	0	0	0	0	NA	0	0	0	0	0	0	0	NA	NA	0	NA
"Raphidioptera"	18	"hmm"	245	3	0	3	0	0	0	0	0	0	NA	0	0	0	0	0	0	0	NA	NA	0	NA
"Raphidioptera"	19	"hmm"	250	3	0	3	0	0	0	0	0	0	NA	0	0	0	0	0	0	0	NA	NA	0	NA
"Raphidioptera"	20	"hmm"	255	3	0	3	0	0	0	0	0	0	NA	0	0	0	0	0	0	0	NA	NA	0	NA
"Raphidioptera"	21	"hmm"	260	3	3	3	3	0	0	0	0	1	NA	0	0	0	0	0	0	0	NA	NA	1	NA
"Raphidioptera"	22	"hmm"	265	3	3	3	3	0	0	0	0	1	NA	0	0	0	0	0	0	0	NA	NA	1	NA
"Raphidioptera"	23	"hmm"	270	3	3	3	3	0	0	0	0	1	NA	0	0	0	0	0	0	0	NA	NA	1	NA
"Raphidioptera"	24	"hmm"	275	3	3	3	3	0	0	0	0	1	NA	0	0	0	0	0	0	0	NA	NA	1	NA
"Raphidioptera"	25	"hmm"	280	3	3	3	3	0	0	0	0	1	NA	0	0	0	0	0	0	0	NA	NA	1	NA
"Raphidioptera"	26	"hmm"	285	3	3	3	3	0	0	0	0	1	NA	0	0	0	0	0	0	0	NA	NA	1	NA
"Raphidioptera"	27	"hmm"	290	3	3	3	3	0	0	0	0	1	NA	0	0	0	0	0	0	0	NA	NA	1	NA
"Raphidioptera"	28	"hmm"	295	3	3	3	3	0	0	0	0	1	NA	0	0	0	0	0	0	0	NA	NA	1	NA
"Raphidioptera"	29	"hmm"	300	3	3	3	3	0	0	0	0	1	NA	0	0	0	0	0	0	0	NA	NA	1	NA
"Neelipleona"	1	"hmm"	160	19	0	9	0	6	9	6	9	0	1	0	0	2	1	15	12	12	NA	1	0	1
"Neelipleona"	2	"hmm"	165	19	0	9	0	6	9	6	9	0	1	0	0	2	1	15	12	12	NA	1	0	1
"Neelipleona"	3	"hmm"	170	19	0	9	0	6	9	6	9	0	1	0	0	2	1	15	12	12	NA	1	0	1
"Neelipleona"	4	"hmm"	175	19	0	9	0	6	9	6	9	0	1	0	0	2	1	15	12	12	NA	1	0	1
"Neelipleona"	5	"hmm"	180	19	0	9	0	6	9	6	9	0	1	0	0	2	1	15	12	12	NA	1	0	1
"Neelipleona"	6	"hmm"	185	19	0	9	0	6	9	6	9	0	1	0	0	2	1	15	12	12	NA	1	0	1
"Neelipleona"	7	"hmm"	190	19	0	9	0	6	9	6	9	0	1	0	0	2	1	15	12	12	NA	1	0	1
"Neelipleona"	8	"hmm"	195	19	0	9	0	6	9	6	9	0	1	0	0	2	1	15	12	12	NA	1	0	1
"Neelipleona"	9	"hmm"	200	19	0	9	0	6	9	6	9	0	1	0	0	2	1	15	12	12	NA	1	0	1
"Neelipleona"	10	"hmm"	205	19	0	9	0	6	9	6	9	0	1	0	0	2	1	15	12	12	NA	1	0	1
"Neelipleona"	11	"hmm"	210	19	0	9	0	6	9	6	9	0	1	0	0	2	1	15	12	12	NA	1	0	1
"Neelipleona"	12	"hmm"	215	19	0	9	0	6	9	6	9	0	1	0	0	2	1	15	12	12	NA	1	0	1
"Neelipleona"	13	"hmm"	220	19	0	9	0	6	9	6	9	0	1	0	0	2	1	15	12	12	NA	1	0	1
"Neelipleona"	14	"hmm"	225	19	0	9	0	6	9	6	9	0	1	0	0	2	1	15	12	12	NA	1	0	1
"Neelipleona"	15	"hmm"	230	19	0	9	0	6	9	6	9	0	1	0	0	2	1	15	12	12	NA	1	0	1
"Neelipleona"	16	"hmm"	235	19	0	9	0	6	9	6	9	0	1	0	0	2	1	15	12	12	NA	1	0	1
"Neelipleona"	17	"hmm"	240	19	0	9	0	6	9	6	9	0	1	0	0	2	1	15	12	12	NA	1	0	1
"Neelipleona"	18	"hmm"	245	19	0	9	0	6	9	6	9	0	1	0	0	2	1	15	12	12	NA	1	0	1
"Neelipleona"	19	"hmm"	250	19	0	9	0	6	9	6	9	0	1	0	0	2	1	15	12	12	NA	1	0	1
"Neelipleona"	20	"hmm"	255	19	6	9	2	6	9	4	5	0.222222222222222	0.666666666666667	0	0	2	1	15	12	8	NA	0.666666666666667	0.222222222222222	0.666666666666667
"Neelipleona"	21	"hmm"	260	19	19	9	9	6	9	0	0	1	0	0	0	2	1	15	12	0	NA	0	1	0
"Neelipleona"	22	"hmm"	265	19	19	9	9	6	9	0	0	1	0	0	0	2	1	15	12	0	NA	0	1	0
"Neelipleona"	23	"hmm"	270	19	19	9	9	6	9	0	0	1	0	0	0	2	1	15	12	0	NA	0	1	0
"Neelipleona"	24	"hmm"	275	19	19	9	9	6	9	0	0	1	0	0	0	2	1	15	12	0	NA	0	1	0
"Neelipleona"	25	"hmm"	280	19	19	9	9	6	9	0	0	1	0	0	0	2	1	15	12	0	NA	0	1	0
"Neelipleona"	26	"hmm"	285	19	19	9	9	6	9	0	0	1	0	0	0	2	1	15	12	0	NA	0	1	0
"Neelipleona"	27	"hmm"	290	19	19	9	9	6	9	0	0	1	0	0	0	2	1	15	12	0	NA	0	1	0
"Neelipleona"	28	"hmm"	295	19	19	9	9	6	9	0	0	1	0	0	0	2	1	15	12	0	NA	0	1	0
"Neelipleona"	29	"hmm"	300	19	19	9	9	6	9	0	0	1	0	0	0	2	1	15	12	0	NA	0	1	0
"Zoraptera"	1	"hmm"	160	3	0	0	0	0	0	0	0	NA	NA	0	0	0	0	0	0	0	NA	NA	NA	NA
"Zoraptera"	2	"hmm"	165	3	0	0	0	0	0	0	0	NA	NA	0	0	0	0	0	0	0	NA	NA	NA	NA
"Zoraptera"	3	"hmm"	170	3	0	0	0	0	0	0	0	NA	NA	0	0	0	0	0	0	0	NA	NA	NA	NA
"Zoraptera"	4	"hmm"	175	3	0	0	0	0	0	0	0	NA	NA	0	0	0	0	0	0	0	NA	NA	NA	NA
"Zoraptera"	5	"hmm"	180	3	0	0	0	0	0	0	0	NA	NA	0	0	0	0	0	0	0	NA	NA	NA	NA
"Zoraptera"	6	"hmm"	185	3	0	0	0	0	0	0	0	NA	NA	0	0	0	0	0	0	0	NA	NA	NA	NA
"Zoraptera"	7	"hmm"	190	3	0	0	0	0	0	0	0	NA	NA	0	0	0	0	0	0	0	NA	NA	NA	NA
"Zoraptera"	8	"hmm"	195	3	0	0	0	0	0	0	0	NA	NA	0	0	0	0	0	0	0	NA	NA	NA	NA
"Zoraptera"	9	"hmm"	200	3	0	0	0	0	0	0	0	NA	NA	0	0	0	0	0	0	0	NA	NA	NA	NA
"Zoraptera"	10	"hmm"	205	3	0	0	0	0	0	0	0	NA	NA	0	0	0	0	0	0	0	NA	NA	NA	NA
"Zoraptera"	11	"hmm"	210	3	0	0	0	0	0	0	0	NA	NA	0	0	0	0	0	0	0	NA	NA	NA	NA
"Zoraptera"	12	"hmm"	215	3	0	0	0	0	0	0	0	NA	NA	0	0	0	0	0	0	0	NA	NA	NA	NA
"Zoraptera"	13	"hmm"	220	3	0	0	0	0	0	0	0	NA	NA	0	0	0	0	0	0	0	NA	NA	NA	NA
"Zoraptera"	14	"hmm"	225	3	0	0	0	0	0	0	0	NA	NA	0	0	0	0	0	0	0	NA	NA	NA	NA
"Zoraptera"	15	"hmm"	230	3	0	0	0	0	0	0	0	NA	NA	0	0	0	0	0	0	0	NA	NA	NA	NA
"Zoraptera"	16	"hmm"	235	3	0	0	0	0	0	0	0	NA	NA	0	0	0	0	0	0	0	NA	NA	NA	NA
"Zoraptera"	17	"hmm"	240	3	2	0	0	0	0	0	0	NA	NA	0	0	0	0	0	0	0	NA	NA	NA	NA
"Zoraptera"	18	"hmm"	245	3	2	0	0	0	0	0	0	NA	NA	0	0	0	0	0	0	0	NA	NA	NA	NA
"Zoraptera"	19	"hmm"	250	3	3	0	0	0	0	0	0	NA	NA	0	0	0	0	0	0	0	NA	NA	NA	NA
"Zoraptera"	20	"hmm"	255	3	3	0	0	0	0	0	0	NA	NA	0	0	0	0	0	0	0	NA	NA	NA	NA
"Zoraptera"	21	"hmm"	260	3	3	0	0	0	0	0	0	NA	NA	0	0	0	0	0	0	0	NA	NA	NA	NA
"Zoraptera"	22	"hmm"	265	3	3	0	0	0	0	0	0	NA	NA	0	0	0	0	0	0	0	NA	NA	NA	NA
"Zoraptera"	23	"hmm"	270	3	3	0	0	0	0	0	0	NA	NA	0	0	0	0	0	0	0	NA	NA	NA	NA
"Zoraptera"	24	"hmm"	275	3	3	0	0	0	0	0	0	NA	NA	0	0	0	0	0	0	0	NA	NA	NA	NA
"Zoraptera"	25	"hmm"	280	3	3	0	0	0	0	0	0	NA	NA	0	0	0	0	0	0	0	NA	NA	NA	NA
"Zoraptera"	26	"hmm"	285	3	3	0	0	0	0	0	0	NA	NA	0	0	0	0	0	0	0	NA	NA	NA	NA
"Zoraptera"	27	"hmm"	290	3	3	0	0	0	0	0	0	NA	NA	0	0	0	0	0	0	0	NA	NA	NA	NA
"Zoraptera"	28	"hmm"	295	3	3	0	0	0	0	0	0	NA	NA	0	0	0	0	0	0	0	NA	NA	NA	NA
"Zoraptera"	29	"hmm"	300	3	3	0	0	0	0	0	0	NA	NA	0	0	0	0	0	0	0	NA	NA	NA	NA
"Diplura"	1	"hmm"	160	12	0	3	0	2	9	2	9	0	1	0	0	5	2	12	1	1	NA	1	0	1
"Diplura"	2	"hmm"	165	12	0	3	0	2	9	2	9	0	1	0	0	5	2	12	1	1	NA	1	0	1
"Diplura"	3	"hmm"	170	12	0	3	0	2	9	2	9	0	1	0	0	5	2	12	1	1	NA	1	0	1
"Diplura"	4	"hmm"	175	12	0	3	0	2	9	2	9	0	1	0	0	5	2	12	1	1	NA	1	0	1
"Diplura"	5	"hmm"	180	12	0	3	0	2	9	2	9	0	1	0	0	5	2	12	1	1	NA	1	0	1
"Diplura"	6	"hmm"	185	12	0	3	0	2	9	2	9	0	1	0	0	5	2	12	1	1	NA	1	0	1
"Diplura"	7	"hmm"	190	12	0	3	0	2	9	2	9	0	1	0	0	5	2	12	1	1	NA	1	0	1
"Diplura"	8	"hmm"	195	12	0	3	0	2	9	2	9	0	1	0	0	5	2	12	1	1	NA	1	0	1
"Diplura"	9	"hmm"	200	12	0	3	0	2	9	2	9	0	1	0	0	5	2	12	1	1	NA	1	0	1
"Diplura"	10	"hmm"	205	12	0	3	0	2	9	2	9	0	1	0	0	5	2	12	1	1	NA	1	0	1
"Diplura"	11	"hmm"	210	12	0	3	0	2	9	2	9	0	1	0	0	5	2	12	1	1	NA	1	0	1
"Diplura"	12	"hmm"	215	12	0	3	0	2	9	2	9	0	1	0	0	5	2	12	1	1	NA	1	0	1
"Diplura"	13	"hmm"	220	12	0	3	0	2	9	2	9	0	1	0	0	5	2	12	1	1	NA	1	0	1
"Diplura"	14	"hmm"	225	12	0	3	0	2	9	2	9	0	1	0	0	5	2	12	1	1	NA	1	0	1
"Diplura"	15	"hmm"	230	12	0	3	0	2	9	2	9	0	1	0	0	5	2	12	1	1	NA	1	0	1
"Diplura"	16	"hmm"	235	12	0	3	0	2	9	2	9	0	1	0	0	5	2	12	1	1	NA	1	0	1
"Diplura"	17	"hmm"	240	12	0	3	0	2	9	2	9	0	1	0	0	5	2	12	1	1	NA	1	0	1
"Diplura"	18	"hmm"	245	12	0	3	0	2	9	2	9	0	1	0	0	5	2	12	1	1	NA	1	0	1
"Diplura"	19	"hmm"	250	12	0	3	0	2	9	2	9	0	1	0	0	5	2	12	1	1	NA	1	0	1
"Diplura"	20	"hmm"	255	12	0	3	0	2	9	2	9	0	1	0	0	5	2	12	1	1	NA	1	0	1
"Diplura"	21	"hmm"	260	12	4	3	0	2	9	2	5	0	1	0	0	5	2	12	1	1	NA	1	0	1
"Diplura"	22	"hmm"	265	12	12	3	3	2	9	0	0	1	0	0	0	5	2	12	1	0	NA	0	1	0
"Diplura"	23	"hmm"	270	12	12	3	3	2	9	0	0	1	0	0	0	5	2	12	1	0	NA	0	1	0
"Diplura"	24	"hmm"	275	12	12	3	3	2	9	0	0	1	0	0	0	5	2	12	1	0	NA	0	1	0
"Diplura"	25	"hmm"	280	12	12	3	3	2	9	0	0	1	0	0	0	5	2	12	1	0	NA	0	1	0
"Diplura"	26	"hmm"	285	12	12	3	3	2	9	0	0	1	0	0	0	5	2	12	1	0	NA	0	1	0
"Diplura"	27	"hmm"	290	12	12	3	3	2	9	0	0	1	0	0	0	5	2	12	1	0	NA	0	1	0
"Diplura"	28	"hmm"	295	12	12	3	3	2	9	0	0	1	0	0	0	5	2	12	1	0	NA	0	1	0
"Diplura"	29	"hmm"	300	12	12	3	3	2	9	0	0	1	0	0	0	5	2	12	1	0	NA	0	1	0
"Hexapoda"	1	"hmm"	160	41517	42	18165	0	1546	2742	1543	2733	0	0.998059508408797	5058	0	2222	1007	2400	1101	1090	0	0.990009082652134	0	0.994710993577635
"Hexapoda"	2	"hmm"	165	41517	49	18165	1	1546	2742	1543	2733	5.50509221029452e-05	0.998059508408797	5058	0	2222	1007	2400	1101	1087	0	0.987284287011807	4.30607587305688e-05	0.993577635058557
"Hexapoda"	3	"hmm"	170	41517	60	18165	1	1546	2742	1543	2732	5.50509221029452e-05	0.998059508408797	5058	0	2222	1007	2400	1101	1082	0	0.982742960944596	4.30607587305688e-05	0.991688704193426
"Hexapoda"	4	"hmm"	175	41517	66	18165	1	1546	2742	1543	2732	5.50509221029452e-05	0.998059508408797	5058	0	2222	1007	2400	1101	1081	0	0.981834695731153	4.30607587305688e-05	0.9913109180204
"Hexapoda"	5	"hmm"	180	41517	79	18165	1	1546	2742	1543	2732	5.50509221029452e-05	0.998059508408797	5058	0	2222	1007	2400	1101	1080	0	0.980926430517711	4.30607587305688e-05	0.990933131847374
"Hexapoda"	6	"hmm"	185	41517	93	18165	1	1546	2742	1542	2730	5.50509221029452e-05	0.997412677878396	5058	0	2222	1007	2400	1101	1078	0	0.979109900090827	4.30607587305688e-05	0.989799773328296
"Hexapoda"	7	"hmm"	190	41517	107	18165	2	1546	2742	1542	2729	0.00011010184420589	0.997412677878396	5058	0	2222	1007	2400	1101	1076	0	0.977293369663942	8.61215174611377e-05	0.989044200982244
"Hexapoda"	8	"hmm"	195	41517	130	18165	4	1546	2742	1540	2726	0.000220203688411781	0.996119016817594	5058	0	2222	1007	2400	1101	1074	0	0.975476839237057	0.000172243034922275	0.98753305629014
"Hexapoda"	9	"hmm"	200	41517	187	18165	7	1546	2742	1525	2707	0.000385356454720617	0.986416558861578	5058	0	2222	1007	2400	1101	1070	0	0.971843778383288	0.000301425311113982	0.980355119002644
"Hexapoda"	10	"hmm"	205	41517	279	18165	8	1546	2742	1524	2675	0.000440407376823562	0.985769728331177	5058	0	2222	1007	2400	1101	1062	0	0.964577656675749	0.000344486069844551	0.97695504344541
"Hexapoda"	11	"hmm"	210	41517	404	18165	13	1546	2742	1521	2650	0.000715661987338288	0.983829236739974	5058	0	2222	1007	2400	1101	1050	0	0.953678474114441	0.000559789863497395	0.971288250850019
"Hexapoda"	12	"hmm"	215	41517	642	18165	51	1546	2742	1512	2629	0.00280759702725021	0.978007761966365	5058	0	2222	1007	2400	1101	1022	0	0.928247048138056	0.00219609869525901	0.957310162448054
"Hexapoda"	13	"hmm"	220	41517	1169	18165	165	1546	2742	1498	2592	0.00908340214698596	0.96895213454075	5058	1	2222	1007	2400	1101	964	0.000197706603400554	0.875567665758402	0.00714808594927443	0.930109557990178
"Hexapoda"	14	"hmm"	225	41517	1836	18165	239	1546	2742	1464	2524	0.0131571703826039	0.946959896507115	5058	3	2222	1007	2400	1101	897	0.000593119810201661	0.814713896457766	0.0104207036127977	0.891953154514545
"Hexapoda"	15	"hmm"	230	41517	3050	18165	448	1546	2742	1423	2451	0.0246628131021195	0.920439844760673	5058	16	2222	1007	2400	1101	789	0.00316330565440886	0.716621253405995	0.0199801920509839	0.835663014733661
"Hexapoda"	16	"hmm"	235	41517	5227	18165	885	1546	2742	1359	2344	0.0487200660611065	0.879042690815007	5058	36	2222	1007	2400	1101	632	0.00711743772241993	0.57402361489555	0.0396589587908539	0.7521722704949
"Hexapoda"	17	"hmm"	240	41517	9601	18165	2020	1546	2742	1242	2154	0.111202862647949	0.803363518758085	5058	79	2222	1007	2400	1101	511	0.0156188216686437	0.464123524069028	0.090384532575464	0.662259161314696
"Hexapoda"	18	"hmm"	245	41517	13294	18165	3291	1546	2742	1112	1941	0.181172584640793	0.719275549805951	5058	220	2222	1007	2400	1101	407	0.0434954527481218	0.369663941871026	0.151186323903027	0.573857196826596
"Hexapoda"	19	"hmm"	250	41517	18713	18165	5564	1546	2742	968	1706	0.306303330580787	0.626131953428202	5058	568	2222	1007	2400	1101	339	0.112297350731514	0.307901907356948	0.264048572535848	0.49376652814507
"Hexapoda"	20	"hmm"	255	41517	23273	18165	7220	1546	2742	764	1329	0.397467657583265	0.494178525226391	5058	897	2222	1007	2400	1101	288	0.177342823250297	0.26158038147139	0.349524178616027	0.397431054023423
"Hexapoda"	21	"hmm"	260	41517	30632	18165	10756	1546	2742	315	518	0.592127718139279	0.203751617076326	5058	2233	2222	1007	2400	1101	105	0.441478845393436	0.0953678474114441	0.559316195151358	0.158670192670948
"Hexapoda"	22	"hmm"	265	41517	41333	18165	18082	1546	2742	4	81	0.995430773465455	0.00258732212160414	5058	5024	2222	1007	2400	1101	2	0.993277975484381	0.00181653042688465	0.994961891228523	0.0022667170381564
"Hexapoda"	23	"hmm"	270	41517	41416	18165	18152	1546	2742	3	80	0.999284338012662	0.0019404915912031	5058	5050	2222	1007	2400	1101	2	0.998418347172796	0.00181653042688465	0.999095724066658	0.00188893086513034
"Hexapoda"	24	"hmm"	275	41517	41416	18165	18152	1546	2742	3	80	0.999284338012662	0.0019404915912031	5058	5050	2222	1007	2400	1101	2	0.998418347172796	0.00181653042688465	0.999095724066658	0.00188893086513034
"Hexapoda"	25	"hmm"	280	41517	41416	18165	18152	1546	2742	3	80	0.999284338012662	0.0019404915912031	5058	5050	2222	1007	2400	1101	2	0.998418347172796	0.00181653042688465	0.999095724066658	0.00188893086513034
"Hexapoda"	26	"hmm"	285	41517	41416	18165	18152	1546	2742	3	80	0.999284338012662	0.0019404915912031	5058	5050	2222	1007	2400	1101	2	0.998418347172796	0.00181653042688465	0.999095724066658	0.00188893086513034
"Hexapoda"	27	"hmm"	290	41517	41416	18165	18152	1546	2742	3	80	0.999284338012662	0.0019404915912031	5058	5050	2222	1007	2400	1101	2	0.998418347172796	0.00181653042688465	0.999095724066658	0.00188893086513034
"Hexapoda"	28	"hmm"	295	41517	41416	18165	18152	1546	2742	3	80	0.999284338012662	0.0019404915912031	5058	5050	2222	1007	2400	1101	2	0.998418347172796	0.00181653042688465	0.999095724066658	0.00188893086513034
"Hexapoda"	29	"hmm"	300	41517	41416	18165	18152	1546	2742	3	80	0.999284338012662	0.0019404915912031	5058	5050	2222	1007	2400	1101	2	0.998418347172796	0.00181653042688465	0.999095724066658	0.00188893086513034
